{
  "type": "FeatureCollection",
  "generator": "overpass-turbo",
  "copyright": "The data included in this document is from www.openstreetmap.org. The data is made available under ODbL.",
  "timestamp": "2026-06-24T12:52:30Z",
  "features": [
    {
      "type": "Feature",
      "properties": {
        "@id": "relation/370761",
        "colour": "#F4BC18",
        "from": "Rato",
        "name": "Linha Amarela: Rato → Odivelas",
        "network": "Metropolitano de Lisboa",
        "network:wikidata": "Q746032",
        "network:wikipedia": "pt:Metropolitano de Lisboa",
        "operator": "Metropolitano de Lisboa",
        "operator:wikidata": "Q746032",
        "operator:wikipedia": "pt:Metropolitano de Lisboa",
        "public_transport:version": "2",
        "ref": "Amarela",
        "route": "subway",
        "to": "Odivelas",
        "type": "route",
        "wikidata": "Q1826607",
        "wikipedia": "pt:Linha Amarela do Metropolitano de Lisboa"
      },
      "geometry": {
        "type": "LineString",
        "coordinates": [
          [
            -9.1548457,
            38.7201088
          ],
          [
            -9.1537711,
            38.7205358
          ],
          [
            -9.1528513,
            38.7208982
          ],
          [
            -9.1525166,
            38.7212163
          ],
          [
            -9.1519638,
            38.7220221
          ],
          [
            -9.1515139,
            38.7227619
          ],
          [
            -9.1508367,
            38.723917
          ],
          [
            -9.1506561,
            38.724225
          ],
          [
            -9.1506066,
            38.7242995
          ],
          [
            -9.1503309,
            38.7247171
          ],
          [
            -9.1500552,
            38.7251347
          ],
          [
            -9.1472886,
            38.729811
          ],
          [
            -9.1469543,
            38.7303574
          ],
          [
            -9.1456535,
            38.7324839
          ],
          [
            -9.145564,
            38.7326303
          ],
          [
            -9.1454945,
            38.7327497
          ],
          [
            -9.1454398,
            38.7328511
          ],
          [
            -9.1453871,
            38.7329594
          ],
          [
            -9.1453331,
            38.7330829
          ],
          [
            -9.1452643,
            38.7332699
          ],
          [
            -9.1452246,
            38.7333953
          ],
          [
            -9.1452026,
            38.7334772
          ],
          [
            -9.1451796,
            38.7335714
          ],
          [
            -9.1451563,
            38.7336925
          ],
          [
            -9.1451439,
            38.7337679
          ],
          [
            -9.145134,
            38.7338485
          ],
          [
            -9.1451283,
            38.7339452
          ],
          [
            -9.145128,
            38.7340098
          ],
          [
            -9.1451287,
            38.7340618
          ],
          [
            -9.1451343,
            38.7341383
          ],
          [
            -9.1451393,
            38.7341852
          ],
          [
            -9.1451459,
            38.7342323
          ],
          [
            -9.1451559,
            38.7342884
          ],
          [
            -9.1451679,
            38.7343473
          ],
          [
            -9.1451876,
            38.7344263
          ],
          [
            -9.1452852,
            38.7348323
          ],
          [
            -9.1454317,
            38.7354418
          ],
          [
            -9.1463007,
            38.7390362
          ],
          [
            -9.1467947,
            38.7411137
          ],
          [
            -9.1481984,
            38.7470271
          ],
          [
            -9.1484102,
            38.7478459
          ],
          [
            -9.148435,
            38.7479309
          ],
          [
            -9.1484617,
            38.74802
          ],
          [
            -9.1484944,
            38.7481115
          ],
          [
            -9.1485364,
            38.7482108
          ],
          [
            -9.1485844,
            38.7483102
          ],
          [
            -9.1486298,
            38.748395
          ],
          [
            -9.1486999,
            38.7485107
          ],
          [
            -9.1487802,
            38.748638
          ],
          [
            -9.1488243,
            38.7487025
          ],
          [
            -9.1488889,
            38.7487925
          ],
          [
            -9.1489448,
            38.7488593
          ],
          [
            -9.1490065,
            38.7489272
          ],
          [
            -9.1491137,
            38.7490274
          ],
          [
            -9.1491909,
            38.7490918
          ],
          [
            -9.1493452,
            38.7492095
          ],
          [
            -9.1494486,
            38.7492808
          ],
          [
            -9.1495854,
            38.7493672
          ],
          [
            -9.1497362,
            38.7494525
          ],
          [
            -9.1498617,
            38.7495171
          ],
          [
            -9.1499872,
            38.7495769
          ],
          [
            -9.1501602,
            38.7496509
          ],
          [
            -9.1503626,
            38.749728
          ],
          [
            -9.1505495,
            38.74979
          ],
          [
            -9.1507538,
            38.7498478
          ],
          [
            -9.1509373,
            38.7498915
          ],
          [
            -9.1511076,
            38.7499243
          ],
          [
            -9.1513006,
            38.7499561
          ],
          [
            -9.1515283,
            38.7499826
          ],
          [
            -9.1517112,
            38.7499967
          ],
          [
            -9.1519207,
            38.7500045
          ],
          [
            -9.1521766,
            38.7500013
          ],
          [
            -9.1523302,
            38.7499941
          ],
          [
            -9.1524723,
            38.7499836
          ],
          [
            -9.1526119,
            38.7499685
          ],
          [
            -9.1527634,
            38.7499488
          ],
          [
            -9.1529216,
            38.7499217
          ],
          [
            -9.1530893,
            38.7498873
          ],
          [
            -9.1532642,
            38.7498467
          ],
          [
            -9.1534217,
            38.7498024
          ],
          [
            -9.1535706,
            38.7497561
          ],
          [
            -9.1537108,
            38.7497061
          ],
          [
            -9.1538921,
            38.7496357
          ],
          [
            -9.1546815,
            38.7493213
          ],
          [
            -9.1548068,
            38.749274
          ],
          [
            -9.1549055,
            38.7492424
          ],
          [
            -9.1550343,
            38.7492051
          ],
          [
            -9.1552412,
            38.7491546
          ],
          [
            -9.1554182,
            38.7491235
          ],
          [
            -9.1556307,
            38.7490977
          ],
          [
            -9.1558163,
            38.7490872
          ],
          [
            -9.1560904,
            38.7490846
          ],
          [
            -9.1562364,
            38.7490925
          ],
          [
            -9.1564218,
            38.7491104
          ],
          [
            -9.156571,
            38.749132
          ],
          [
            -9.1566939,
            38.7491551
          ],
          [
            -9.1569096,
            38.7492051
          ],
          [
            -9.1571173,
            38.7492692
          ],
          [
            -9.1572617,
            38.7493208
          ],
          [
            -9.1574129,
            38.749384
          ],
          [
            -9.1575916,
            38.7494718
          ],
          [
            -9.1577306,
            38.7495507
          ],
          [
            -9.1578885,
            38.7496507
          ],
          [
            -9.1580644,
            38.7497848
          ],
          [
            -9.1581387,
            38.7498485
          ],
          [
            -9.1582271,
            38.74993
          ],
          [
            -9.1583182,
            38.7500232
          ],
          [
            -9.158416,
            38.7501374
          ],
          [
            -9.1585104,
            38.7502636
          ],
          [
            -9.1585974,
            38.7503977
          ],
          [
            -9.1586823,
            38.7505575
          ],
          [
            -9.1589742,
            38.7511927
          ],
          [
            -9.159114,
            38.7514975
          ],
          [
            -9.1595106,
            38.7523619
          ],
          [
            -9.1597076,
            38.7527805
          ],
          [
            -9.1598623,
            38.7530771
          ],
          [
            -9.1599372,
            38.7532086
          ],
          [
            -9.1600457,
            38.7533892
          ],
          [
            -9.1601936,
            38.7536205
          ],
          [
            -9.1603436,
            38.7538367
          ],
          [
            -9.1604741,
            38.7540121
          ],
          [
            -9.1606154,
            38.7541938
          ],
          [
            -9.1607506,
            38.7543571
          ],
          [
            -9.1609568,
            38.7545884
          ],
          [
            -9.1612297,
            38.7548802
          ],
          [
            -9.162015,
            38.7557572
          ],
          [
            -9.1621171,
            38.7558704
          ],
          [
            -9.1622128,
            38.755986
          ],
          [
            -9.1622977,
            38.7561027
          ],
          [
            -9.1624347,
            38.7563131
          ],
          [
            -9.162557,
            38.7564955
          ],
          [
            -9.1626204,
            38.7566112
          ],
          [
            -9.1626824,
            38.7567396
          ],
          [
            -9.1627499,
            38.7569183
          ],
          [
            -9.1627957,
            38.7570845
          ],
          [
            -9.1628254,
            38.7572518
          ],
          [
            -9.1628376,
            38.7573929
          ],
          [
            -9.1628362,
            38.7575611
          ],
          [
            -9.1628241,
            38.7577041
          ],
          [
            -9.1628065,
            38.7578157
          ],
          [
            -9.1627728,
            38.7579651
          ],
          [
            -9.162735,
            38.7580788
          ],
          [
            -9.1626784,
            38.7582218
          ],
          [
            -9.1626069,
            38.75837
          ],
          [
            -9.162538,
            38.7584901
          ],
          [
            -9.1624288,
            38.7586446
          ],
          [
            -9.1623425,
            38.7587519
          ],
          [
            -9.1622548,
            38.7588497
          ],
          [
            -9.1621724,
            38.7589319
          ],
          [
            -9.162078,
            38.759016
          ],
          [
            -9.1619782,
            38.7590981
          ],
          [
            -9.1618716,
            38.759176
          ],
          [
            -9.1617692,
            38.7592442
          ],
          [
            -9.1616868,
            38.7592969
          ],
          [
            -9.161591,
            38.7593506
          ],
          [
            -9.161452,
            38.7594232
          ],
          [
            -9.1613128,
            38.7594843
          ],
          [
            -9.1611681,
            38.7595381
          ],
          [
            -9.1609963,
            38.7595887
          ],
          [
            -9.1607658,
            38.7596364
          ],
          [
            -9.1606702,
            38.7596551
          ],
          [
            -9.1605414,
            38.7596796
          ],
          [
            -9.160414,
            38.7597008
          ],
          [
            -9.1602272,
            38.7597274
          ],
          [
            -9.1600938,
            38.7597465
          ],
          [
            -9.1600002,
            38.7597599
          ],
          [
            -9.1598045,
            38.7597876
          ],
          [
            -9.1595718,
            38.7598264
          ],
          [
            -9.159412,
            38.7598557
          ],
          [
            -9.1593375,
            38.7598704
          ],
          [
            -9.1591584,
            38.7599079
          ],
          [
            -9.1591226,
            38.7599164
          ],
          [
            -9.1589086,
            38.7599669
          ],
          [
            -9.1587044,
            38.7600178
          ],
          [
            -9.1586496,
            38.7600338
          ],
          [
            -9.1584879,
            38.760079
          ],
          [
            -9.1579245,
            38.7602668
          ],
          [
            -9.157361,
            38.7604546
          ],
          [
            -9.1572878,
            38.7604823
          ],
          [
            -9.1566673,
            38.7606967
          ],
          [
            -9.1565224,
            38.7607501
          ],
          [
            -9.1564299,
            38.7607865
          ],
          [
            -9.1563195,
            38.7608297
          ],
          [
            -9.1562277,
            38.7608707
          ],
          [
            -9.1561429,
            38.7609117
          ],
          [
            -9.1560618,
            38.7609538
          ],
          [
            -9.1559836,
            38.7609977
          ],
          [
            -9.1558904,
            38.7610549
          ],
          [
            -9.1557936,
            38.7611222
          ],
          [
            -9.1556995,
            38.7611906
          ],
          [
            -9.1556465,
            38.7612353
          ],
          [
            -9.1555553,
            38.7613132
          ],
          [
            -9.155477,
            38.761389
          ],
          [
            -9.1554132,
            38.7614519
          ],
          [
            -9.155342,
            38.7615254
          ],
          [
            -9.1552683,
            38.7616216
          ],
          [
            -9.1552305,
            38.7616706
          ],
          [
            -9.1551729,
            38.7617621
          ],
          [
            -9.1551275,
            38.761838
          ],
          [
            -9.1550785,
            38.7619297
          ],
          [
            -9.1550204,
            38.762047
          ],
          [
            -9.1549825,
            38.7621409
          ],
          [
            -9.1549478,
            38.7622535
          ],
          [
            -9.1549132,
            38.7623908
          ],
          [
            -9.1548972,
            38.7624741
          ],
          [
            -9.1548618,
            38.7627056
          ],
          [
            -9.1548191,
            38.7631983
          ],
          [
            -9.1548478,
            38.7637465
          ],
          [
            -9.1549459,
            38.7644022
          ],
          [
            -9.1554673,
            38.7667474
          ],
          [
            -9.1554835,
            38.7668434
          ],
          [
            -9.1555614,
            38.7673144
          ],
          [
            -9.1556393,
            38.7677854
          ],
          [
            -9.1556703,
            38.7679446
          ],
          [
            -9.1557157,
            38.768153
          ],
          [
            -9.1557485,
            38.7682911
          ],
          [
            -9.1557892,
            38.7684295
          ],
          [
            -9.1558318,
            38.7685422
          ],
          [
            -9.1558912,
            38.7686738
          ],
          [
            -9.1559832,
            38.7688428
          ],
          [
            -9.1560605,
            38.7689587
          ],
          [
            -9.1561358,
            38.769061
          ],
          [
            -9.1562211,
            38.7691587
          ],
          [
            -9.1563311,
            38.7692772
          ],
          [
            -9.1564643,
            38.7693956
          ],
          [
            -9.1566945,
            38.769573
          ],
          [
            -9.1570828,
            38.7698692
          ],
          [
            -9.157434,
            38.770119
          ],
          [
            -9.1577092,
            38.7703168
          ],
          [
            -9.1578925,
            38.7704597
          ],
          [
            -9.1580437,
            38.770606
          ],
          [
            -9.1582001,
            38.7707826
          ],
          [
            -9.1583242,
            38.770954
          ],
          [
            -9.1583864,
            38.7710584
          ],
          [
            -9.1584397,
            38.7711625
          ],
          [
            -9.1584915,
            38.771279
          ],
          [
            -9.1593701,
            38.773391
          ],
          [
            -9.1595819,
            38.7738999
          ],
          [
            -9.1604013,
            38.7758567
          ],
          [
            -9.1604699,
            38.7760329
          ],
          [
            -9.1605077,
            38.77616
          ],
          [
            -9.160544,
            38.7762986
          ],
          [
            -9.1605763,
            38.7764654
          ],
          [
            -9.1605965,
            38.7766094
          ],
          [
            -9.1606046,
            38.7767481
          ],
          [
            -9.160606,
            38.7769138
          ],
          [
            -9.1605992,
            38.7770419
          ],
          [
            -9.1605885,
            38.7771722
          ],
          [
            -9.1605642,
            38.7773025
          ],
          [
            -9.1605265,
            38.7774766
          ],
          [
            -9.1604727,
            38.7776655
          ],
          [
            -9.1604214,
            38.7778022
          ],
          [
            -9.1603716,
            38.7779146
          ],
          [
            -9.1602776,
            38.7781071
          ],
          [
            -9.1601877,
            38.7782902
          ],
          [
            -9.1599007,
            38.778861
          ],
          [
            -9.1596665,
            38.7793282
          ],
          [
            -9.1590615,
            38.7805352
          ],
          [
            -9.159007,
            38.7806938
          ],
          [
            -9.1589697,
            38.7808745
          ],
          [
            -9.1589524,
            38.7810222
          ],
          [
            -9.158943,
            38.7811907
          ],
          [
            -9.1589537,
            38.7813862
          ],
          [
            -9.1589804,
            38.7815818
          ],
          [
            -9.1590324,
            38.7818076
          ],
          [
            -9.1590885,
            38.7819689
          ],
          [
            -9.1591445,
            38.7821072
          ],
          [
            -9.1592219,
            38.782259
          ],
          [
            -9.1593086,
            38.7824067
          ],
          [
            -9.1594234,
            38.7825711
          ],
          [
            -9.1595355,
            38.7827074
          ],
          [
            -9.1596663,
            38.7828509
          ],
          [
            -9.1598465,
            38.7830174
          ],
          [
            -9.1599745,
            38.7831203
          ],
          [
            -9.1601134,
            38.7832223
          ],
          [
            -9.1602549,
            38.7833149
          ],
          [
            -9.1619537,
            38.7843434
          ],
          [
            -9.1621544,
            38.7844612
          ],
          [
            -9.162313,
            38.7845434
          ],
          [
            -9.1624665,
            38.784612
          ],
          [
            -9.1626317,
            38.7846785
          ],
          [
            -9.1628034,
            38.7847324
          ],
          [
            -9.1629528,
            38.7847709
          ],
          [
            -9.1630944,
            38.7848032
          ],
          [
            -9.1633865,
            38.7848606
          ],
          [
            -9.1640499,
            38.7849964
          ],
          [
            -9.1642406,
            38.7850245
          ],
          [
            -9.1644299,
            38.7850442
          ],
          [
            -9.1646179,
            38.7850526
          ],
          [
            -9.164795,
            38.7850526
          ],
          [
            -9.1649641,
            38.7850411
          ],
          [
            -9.1651736,
            38.7850183
          ],
          [
            -9.1653534,
            38.7849881
          ],
          [
            -9.1655235,
            38.7849498
          ],
          [
            -9.1657898,
            38.7848616
          ],
          [
            -9.165951,
            38.7847899
          ],
          [
            -9.1661786,
            38.7846824
          ],
          [
            -9.1663916,
            38.7845759
          ],
          [
            -9.1669531,
            38.7842883
          ],
          [
            -9.1670549,
            38.7842356
          ],
          [
            -9.167427,
            38.7840433
          ],
          [
            -9.1677018,
            38.7839081
          ],
          [
            -9.1678065,
            38.7838634
          ],
          [
            -9.1679087,
            38.7838229
          ],
          [
            -9.1681491,
            38.7837488
          ],
          [
            -9.1682986,
            38.7837068
          ],
          [
            -9.1683973,
            38.7836836
          ],
          [
            -9.168493,
            38.7836644
          ],
          [
            -9.1686239,
            38.783657
          ],
          [
            -9.1688064,
            38.7836559
          ],
          [
            -9.1689518,
            38.7836665
          ],
          [
            -9.1690842,
            38.7836886
          ],
          [
            -9.1692395,
            38.7837149
          ],
          [
            -9.1694513,
            38.7837738
          ],
          [
            -9.1696452,
            38.7838316
          ],
          [
            -9.169846,
            38.7839051
          ],
          [
            -9.1702302,
            38.7840611
          ],
          [
            -9.1703811,
            38.7841294
          ],
          [
            -9.1705211,
            38.7841997
          ],
          [
            -9.1707616,
            38.7843296
          ],
          [
            -9.1709068,
            38.7844134
          ],
          [
            -9.1710671,
            38.78451
          ],
          [
            -9.1712182,
            38.7846152
          ],
          [
            -9.1713346,
            38.784709
          ],
          [
            -9.1714189,
            38.7847917
          ],
          [
            -9.1714975,
            38.784891
          ],
          [
            -9.1715457,
            38.7849624
          ],
          [
            -9.1715685,
            38.7850027
          ],
          [
            -9.1716439,
            38.7851733
          ],
          [
            -9.1718324,
            38.7856218
          ],
          [
            -9.1720201,
            38.7860705
          ],
          [
            -9.172047,
            38.7861353
          ],
          [
            -9.1721933,
            38.7864882
          ],
          [
            -9.1722404,
            38.78662
          ],
          [
            -9.1722917,
            38.7867791
          ],
          [
            -9.1723324,
            38.7869688
          ],
          [
            -9.1723563,
            38.7871389
          ],
          [
            -9.1723603,
            38.7872242
          ],
          [
            -9.172361,
            38.7873102
          ],
          [
            -9.1723529,
            38.7874704
          ],
          [
            -9.1723219,
            38.7876607
          ],
          [
            -9.172301,
            38.7877557
          ],
          [
            -9.1722669,
            38.7878599
          ],
          [
            -9.172208,
            38.7880126
          ],
          [
            -9.1721064,
            38.7882117
          ],
          [
            -9.1719882,
            38.7884007
          ],
          [
            -9.1717681,
            38.7886809
          ],
          [
            -9.170998,
            38.7895416
          ],
          [
            -9.1708656,
            38.789743
          ],
          [
            -9.1707564,
            38.7899372
          ],
          [
            -9.170708,
            38.7900587
          ],
          [
            -9.1706429,
            38.7902541
          ],
          [
            -9.1706047,
            38.7904653
          ],
          [
            -9.1705947,
            38.7906357
          ],
          [
            -9.1705965,
            38.7908012
          ],
          [
            -9.1706201,
            38.7909806
          ],
          [
            -9.1706523,
            38.7911641
          ],
          [
            -9.1707321,
            38.7913972
          ],
          [
            -9.170818,
            38.7915686
          ],
          [
            -9.1708542,
            38.7916402
          ],
          [
            -9.1709528,
            38.7917761
          ],
          [
            -9.171054,
            38.7919104
          ],
          [
            -9.1711562,
            38.7920158
          ],
          [
            -9.1713457,
            38.7921973
          ],
          [
            -9.1715549,
            38.7923635
          ],
          [
            -9.1718144,
            38.7925412
          ],
          [
            -9.1720827,
            38.7927188
          ],
          [
            -9.1724742,
            38.7929602
          ],
          [
            -9.1730002,
            38.79326
          ]
        ]
      },
      "id": "relation/370761"
    },
    {
      "type": "Feature",
      "properties": {
        "@id": "relation/371021",
        "colour": "#4E84C4",
        "from": "Santa Apolónia",
        "name": "Linha Azul: Santa Apolónia → Reboleira",
        "network": "Metropolitano de Lisboa",
        "network:wikidata": "Q746032",
        "network:wikipedia": "pt:Metropolitano de Lisboa",
        "operator": "Metropolitano de Lisboa",
        "operator:wikidata": "Q746032",
        "operator:wikipedia": "pt:Metropolitano de Lisboa",
        "public_transport:version": "2",
        "ref": "Azul",
        "route": "subway",
        "to": "Reboleira",
        "type": "route",
        "wikidata": "Q1826609",
        "wikipedia": "pt:Linha Azul do Metropolitano de Lisboa"
      },
      "geometry": {
        "type": "LineString",
        "coordinates": [
          [
            -9.224093,
            38.7521904
          ],
          [
            -9.2238465,
            38.7526232
          ],
          [
            -9.2234693,
            38.7532857
          ],
          [
            -9.2234205,
            38.7533714
          ],
          [
            -9.2233348,
            38.7535269
          ],
          [
            -9.2232766,
            38.7536399
          ],
          [
            -9.2231968,
            38.7538038
          ],
          [
            -9.2231188,
            38.7539789
          ],
          [
            -9.2230546,
            38.7541357
          ],
          [
            -9.2229833,
            38.7543216
          ],
          [
            -9.2229137,
            38.7545051
          ],
          [
            -9.2222221,
            38.7563293
          ],
          [
            -9.2221256,
            38.7565267
          ],
          [
            -9.2220244,
            38.756691
          ],
          [
            -9.2219354,
            38.7568174
          ],
          [
            -9.221815,
            38.7569623
          ],
          [
            -9.2216788,
            38.7571027
          ],
          [
            -9.2215188,
            38.7572394
          ],
          [
            -9.2213951,
            38.7573286
          ],
          [
            -9.22125,
            38.7574277
          ],
          [
            -9.2210754,
            38.7575282
          ],
          [
            -9.2209093,
            38.757609
          ],
          [
            -9.2207262,
            38.7576859
          ],
          [
            -9.2205584,
            38.7577476
          ],
          [
            -9.220408,
            38.757796
          ],
          [
            -9.2201279,
            38.7578825
          ],
          [
            -9.2198141,
            38.7579745
          ],
          [
            -9.2188334,
            38.7582623
          ],
          [
            -9.2186209,
            38.7583246
          ],
          [
            -9.2183219,
            38.7584061
          ],
          [
            -9.2177333,
            38.7585633
          ],
          [
            -9.2146767,
            38.7593814
          ],
          [
            -9.2108247,
            38.7604035
          ],
          [
            -9.20994,
            38.7605728
          ],
          [
            -9.2090474,
            38.760692
          ],
          [
            -9.2077481,
            38.7607702
          ],
          [
            -9.206744,
            38.7607347
          ],
          [
            -9.2052679,
            38.7604893
          ],
          [
            -9.2045596,
            38.7603342
          ],
          [
            -9.2038512,
            38.760179
          ],
          [
            -9.2037648,
            38.7601641
          ],
          [
            -9.2036485,
            38.7601481
          ],
          [
            -9.2035305,
            38.7601353
          ],
          [
            -9.2033944,
            38.7601236
          ],
          [
            -9.2032621,
            38.7601143
          ],
          [
            -9.2031232,
            38.7601115
          ],
          [
            -9.203019,
            38.7601155
          ],
          [
            -9.2029133,
            38.7601236
          ],
          [
            -9.2028038,
            38.7601386
          ],
          [
            -9.2026958,
            38.7601586
          ],
          [
            -9.2025882,
            38.7601841
          ],
          [
            -9.2024839,
            38.7602174
          ],
          [
            -9.2023877,
            38.7602515
          ],
          [
            -9.2020578,
            38.7603881
          ],
          [
            -9.2011582,
            38.7607663
          ],
          [
            -9.2006427,
            38.7609855
          ],
          [
            -9.2003298,
            38.7611196
          ],
          [
            -9.2001803,
            38.7611753
          ],
          [
            -9.199928,
            38.7612642
          ],
          [
            -9.1990184,
            38.7615766
          ],
          [
            -9.1986112,
            38.7617165
          ],
          [
            -9.1981387,
            38.7618603
          ],
          [
            -9.1977803,
            38.7619597
          ],
          [
            -9.1976577,
            38.7619937
          ],
          [
            -9.1968448,
            38.7622296
          ],
          [
            -9.196032,
            38.7624655
          ],
          [
            -9.1954877,
            38.7626243
          ],
          [
            -9.1952479,
            38.7626875
          ],
          [
            -9.1950536,
            38.762728
          ],
          [
            -9.1948445,
            38.7627574
          ],
          [
            -9.1946318,
            38.7627766
          ],
          [
            -9.1944482,
            38.7627813
          ],
          [
            -9.1942464,
            38.7627731
          ],
          [
            -9.1941109,
            38.7627601
          ],
          [
            -9.1939765,
            38.7627424
          ],
          [
            -9.1938459,
            38.762719
          ],
          [
            -9.1936729,
            38.7626787
          ],
          [
            -9.1935002,
            38.7626259
          ],
          [
            -9.1933266,
            38.7625596
          ],
          [
            -9.193195,
            38.7624994
          ],
          [
            -9.1930303,
            38.7624107
          ],
          [
            -9.1928816,
            38.762316
          ],
          [
            -9.192737,
            38.7622092
          ],
          [
            -9.1926322,
            38.7621211
          ],
          [
            -9.1925122,
            38.7620076
          ],
          [
            -9.192338,
            38.7618127
          ],
          [
            -9.1922423,
            38.7616804
          ],
          [
            -9.1921583,
            38.7615377
          ],
          [
            -9.1921001,
            38.761413
          ],
          [
            -9.1920463,
            38.7612714
          ],
          [
            -9.1920049,
            38.7611053
          ],
          [
            -9.1919848,
            38.7609613
          ],
          [
            -9.1919794,
            38.7608487
          ],
          [
            -9.1919851,
            38.7606961
          ],
          [
            -9.1919972,
            38.7605952
          ],
          [
            -9.1920158,
            38.7604936
          ],
          [
            -9.1920554,
            38.7603455
          ],
          [
            -9.1920971,
            38.7602247
          ],
          [
            -9.1921467,
            38.7601058
          ],
          [
            -9.1921955,
            38.7600115
          ],
          [
            -9.1923115,
            38.7598246
          ],
          [
            -9.1927437,
            38.7592419
          ],
          [
            -9.1935295,
            38.7581827
          ],
          [
            -9.1938176,
            38.7576917
          ],
          [
            -9.1940372,
            38.7572866
          ],
          [
            -9.1941793,
            38.7569175
          ],
          [
            -9.1942236,
            38.7567836
          ],
          [
            -9.1942705,
            38.756609
          ],
          [
            -9.1942652,
            38.7563726
          ],
          [
            -9.1942222,
            38.7561948
          ],
          [
            -9.1941176,
            38.7560055
          ],
          [
            -9.193942,
            38.7558309
          ],
          [
            -9.1937368,
            38.7556625
          ],
          [
            -9.193498,
            38.7555485
          ],
          [
            -9.192818,
            38.7552563
          ],
          [
            -9.1922743,
            38.7549821
          ],
          [
            -9.1916708,
            38.7545952
          ],
          [
            -9.1908854,
            38.7541705
          ],
          [
            -9.1904021,
            38.7539091
          ],
          [
            -9.1899495,
            38.7537371
          ],
          [
            -9.1892931,
            38.7533803
          ],
          [
            -9.1884796,
            38.752938
          ],
          [
            -9.1870091,
            38.752127
          ],
          [
            -9.1859979,
            38.7515747
          ],
          [
            -9.1843579,
            38.7507801
          ],
          [
            -9.1832471,
            38.7503044
          ],
          [
            -9.1817363,
            38.7500709
          ],
          [
            -9.1797946,
            38.7498954
          ],
          [
            -9.1756784,
            38.7498372
          ],
          [
            -9.1745455,
            38.7497485
          ],
          [
            -9.1741205,
            38.7496272
          ],
          [
            -9.173823,
            38.7494014
          ],
          [
            -9.1730362,
            38.7482497
          ],
          [
            -9.1725986,
            38.7477684
          ],
          [
            -9.172513,
            38.7477031
          ],
          [
            -9.1721458,
            38.7474229
          ],
          [
            -9.170499,
            38.7464446
          ],
          [
            -9.169813,
            38.7458998
          ],
          [
            -9.1694939,
            38.7453195
          ],
          [
            -9.1694047,
            38.7449547
          ],
          [
            -9.1693547,
            38.7447458
          ],
          [
            -9.1692877,
            38.7432369
          ],
          [
            -9.1691809,
            38.7425762
          ],
          [
            -9.1689132,
            38.7420882
          ],
          [
            -9.1678929,
            38.7409224
          ],
          [
            -9.166716,
            38.7394495
          ],
          [
            -9.1662112,
            38.7391516
          ],
          [
            -9.1652652,
            38.7388746
          ],
          [
            -9.1637064,
            38.7385776
          ],
          [
            -9.1626778,
            38.7383308
          ],
          [
            -9.1606114,
            38.737941
          ],
          [
            -9.1592473,
            38.737684
          ],
          [
            -9.1591265,
            38.7376612
          ],
          [
            -9.1583935,
            38.7375231
          ],
          [
            -9.1583283,
            38.7375108
          ],
          [
            -9.1579631,
            38.737442
          ],
          [
            -9.1576509,
            38.7373824
          ],
          [
            -9.1574331,
            38.7373357
          ],
          [
            -9.1572409,
            38.7372894
          ],
          [
            -9.1570311,
            38.7372246
          ],
          [
            -9.1569184,
            38.7371807
          ],
          [
            -9.1568438,
            38.737149
          ],
          [
            -9.1567233,
            38.737091
          ],
          [
            -9.1565815,
            38.7370164
          ],
          [
            -9.1565125,
            38.736975
          ],
          [
            -9.1564433,
            38.7369335
          ],
          [
            -9.1563141,
            38.7368479
          ],
          [
            -9.1561487,
            38.7367304
          ],
          [
            -9.1556599,
            38.7363117
          ],
          [
            -9.1554208,
            38.7361109
          ],
          [
            -9.1549233,
            38.7354848
          ],
          [
            -9.154437,
            38.7349109
          ],
          [
            -9.153891,
            38.7342698
          ],
          [
            -9.1536077,
            38.7339363
          ],
          [
            -9.1506513,
            38.7304546
          ],
          [
            -9.1503939,
            38.73015
          ],
          [
            -9.1503068,
            38.7299934
          ],
          [
            -9.1502779,
            38.7298267
          ],
          [
            -9.150259,
            38.7295152
          ],
          [
            -9.1502282,
            38.7291165
          ],
          [
            -9.1501983,
            38.7287284
          ],
          [
            -9.1501372,
            38.7279371
          ],
          [
            -9.1500611,
            38.7266988
          ],
          [
            -9.1500388,
            38.7263367
          ],
          [
            -9.1499867,
            38.7260154
          ],
          [
            -9.1496566,
            38.7253754
          ],
          [
            -9.1494952,
            38.7250626
          ],
          [
            -9.14943,
            38.7249055
          ],
          [
            -9.1493391,
            38.724604
          ],
          [
            -9.1493113,
            38.7245121
          ],
          [
            -9.1491504,
            38.7241588
          ],
          [
            -9.1488855,
            38.7236809
          ],
          [
            -9.1484396,
            38.7230883
          ],
          [
            -9.1463901,
            38.7207715
          ],
          [
            -9.1453034,
            38.719543
          ],
          [
            -9.144831,
            38.7190102
          ],
          [
            -9.1446182,
            38.7187559
          ],
          [
            -9.1427776,
            38.7165559
          ],
          [
            -9.1426576,
            38.7163986
          ],
          [
            -9.1423098,
            38.7159968
          ],
          [
            -9.1419862,
            38.7156236
          ],
          [
            -9.1417057,
            38.7152981
          ],
          [
            -9.1411616,
            38.7145646
          ],
          [
            -9.1407338,
            38.7139073
          ],
          [
            -9.1406392,
            38.713716
          ],
          [
            -9.1405498,
            38.7135179
          ],
          [
            -9.1404708,
            38.71332
          ],
          [
            -9.1404129,
            38.7131609
          ],
          [
            -9.1403305,
            38.7129032
          ],
          [
            -9.1402882,
            38.7127574
          ],
          [
            -9.1402567,
            38.7126348
          ],
          [
            -9.1402376,
            38.7125494
          ],
          [
            -9.1401963,
            38.7123511
          ],
          [
            -9.1401703,
            38.7121944
          ],
          [
            -9.1401403,
            38.7119625
          ],
          [
            -9.140134,
            38.7119139
          ],
          [
            -9.1401098,
            38.7115853
          ],
          [
            -9.1400893,
            38.7112167
          ],
          [
            -9.1400448,
            38.7104186
          ],
          [
            -9.1400178,
            38.7099338
          ],
          [
            -9.1399967,
            38.7096206
          ],
          [
            -9.1399955,
            38.7096026
          ],
          [
            -9.1399726,
            38.709263
          ],
          [
            -9.1399454,
            38.7088627
          ],
          [
            -9.1399269,
            38.7085302
          ],
          [
            -9.139923,
            38.7083539
          ],
          [
            -9.139907,
            38.708238
          ],
          [
            -9.1398884,
            38.7081263
          ],
          [
            -9.1398511,
            38.7079886
          ],
          [
            -9.1398259,
            38.7078952
          ],
          [
            -9.1397808,
            38.7077732
          ],
          [
            -9.1397196,
            38.7076362
          ],
          [
            -9.139684,
            38.7075672
          ],
          [
            -9.1396495,
            38.7075097
          ],
          [
            -9.1396042,
            38.7074354
          ],
          [
            -9.1395445,
            38.7073463
          ],
          [
            -9.1394953,
            38.707281
          ],
          [
            -9.1394255,
            38.7071918
          ],
          [
            -9.1393572,
            38.7071152
          ],
          [
            -9.1392802,
            38.7070364
          ],
          [
            -9.1391165,
            38.7068977
          ],
          [
            -9.1389933,
            38.7067965
          ],
          [
            -9.1388551,
            38.7066988
          ],
          [
            -9.138725,
            38.7066127
          ],
          [
            -9.138577,
            38.7065285
          ],
          [
            -9.1384581,
            38.7064696
          ],
          [
            -9.1383388,
            38.7064151
          ],
          [
            -9.1382021,
            38.7063629
          ],
          [
            -9.1380665,
            38.7063177
          ],
          [
            -9.1379212,
            38.7062767
          ],
          [
            -9.1377607,
            38.7062398
          ],
          [
            -9.1375981,
            38.7062101
          ],
          [
            -9.1374744,
            38.7061932
          ],
          [
            -9.1373478,
            38.7061809
          ],
          [
            -9.1372139,
            38.7061727
          ],
          [
            -9.1370704,
            38.7061707
          ],
          [
            -9.1369267,
            38.7061745
          ],
          [
            -9.1367782,
            38.7061843
          ],
          [
            -9.1366279,
            38.7062009
          ],
          [
            -9.1364974,
            38.7062213
          ],
          [
            -9.1363947,
            38.7062411
          ],
          [
            -9.1362959,
            38.7062631
          ],
          [
            -9.1361985,
            38.7062882
          ],
          [
            -9.1360765,
            38.706323
          ],
          [
            -9.1359404,
            38.7063676
          ],
          [
            -9.1358254,
            38.7064089
          ],
          [
            -9.1356923,
            38.7064588
          ],
          [
            -9.135426,
            38.7065688
          ],
          [
            -9.1352854,
            38.7066284
          ],
          [
            -9.1343684,
            38.7070133
          ],
          [
            -9.13382,
            38.7072428
          ],
          [
            -9.1335726,
            38.7073463
          ],
          [
            -9.1329955,
            38.70759
          ],
          [
            -9.1323058,
            38.7078819
          ],
          [
            -9.1317861,
            38.7081057
          ],
          [
            -9.131495,
            38.7082366
          ],
          [
            -9.1311284,
            38.7084015
          ],
          [
            -9.1308024,
            38.7085482
          ],
          [
            -9.130477,
            38.7086947
          ],
          [
            -9.1301423,
            38.7088569
          ],
          [
            -9.1299806,
            38.7089405
          ],
          [
            -9.1298304,
            38.7090201
          ],
          [
            -9.1296327,
            38.7091342
          ],
          [
            -9.1295196,
            38.7092021
          ],
          [
            -9.1294346,
            38.7092536
          ],
          [
            -9.1293615,
            38.709298
          ],
          [
            -9.1291975,
            38.7094011
          ],
          [
            -9.1289488,
            38.709563
          ],
          [
            -9.128658,
            38.7097531
          ],
          [
            -9.1284456,
            38.7098911
          ],
          [
            -9.1282456,
            38.7100269
          ],
          [
            -9.127882,
            38.7102627
          ],
          [
            -9.1276391,
            38.7104185
          ],
          [
            -9.1274061,
            38.7105631
          ],
          [
            -9.1271776,
            38.7106961
          ],
          [
            -9.12693,
            38.7108319
          ],
          [
            -9.1267087,
            38.7109478
          ],
          [
            -9.1264859,
            38.7110576
          ],
          [
            -9.1262965,
            38.7111432
          ],
          [
            -9.1261387,
            38.7112157
          ],
          [
            -9.1257384,
            38.7113823
          ],
          [
            -9.1254829,
            38.7114796
          ],
          [
            -9.1248451,
            38.7118135
          ],
          [
            -9.1241187,
            38.7122539
          ],
          [
            -9.1239471,
            38.7123774
          ],
          [
            -9.1233925,
            38.7127766
          ],
          [
            -9.1224361,
            38.713671
          ],
          [
            -9.1220387,
            38.7140324
          ]
        ]
      },
      "id": "relation/371021"
    },
    {
      "type": "Feature",
      "properties": {
        "@id": "relation/371080",
        "colour": "#00AAA6",
        "from": "Cais do Sodré",
        "name": "Linha Verde: Cais do Sodré → Telheiras",
        "network": "Metropolitano de Lisboa",
        "network:wikidata": "Q746032",
        "network:wikipedia": "pt:Metropolitano de Lisboa",
        "operator": "Metropolitano de Lisboa",
        "operator:wikidata": "Q746032",
        "operator:wikipedia": "pt:Metropolitano de Lisboa",
        "public_transport:version": "2",
        "ref": "Verde",
        "route": "subway",
        "to": "Telheiras",
        "type": "route",
        "wikidata": "Q1826613",
        "wikipedia": "pt:Linha Verde (Metropolitano de Lisboa)"
      },
      "geometry": {
        "type": "LineString",
        "coordinates": [
          [
            -9.1664263,
            38.7599435
          ],
          [
            -9.1658154,
            38.7598627
          ],
          [
            -9.1652933,
            38.7597634
          ],
          [
            -9.1648936,
            38.7596931
          ],
          [
            -9.1639001,
            38.7594738
          ],
          [
            -9.1630841,
            38.7592955
          ],
          [
            -9.162594,
            38.7591783
          ],
          [
            -9.1624161,
            38.7591426
          ],
          [
            -9.1622742,
            38.7591165
          ],
          [
            -9.1621443,
            38.7590969
          ],
          [
            -9.1620155,
            38.7590818
          ],
          [
            -9.1618084,
            38.7590637
          ],
          [
            -9.1616039,
            38.7590559
          ],
          [
            -9.1614079,
            38.7590569
          ],
          [
            -9.161205,
            38.7590665
          ],
          [
            -9.1610733,
            38.759079
          ],
          [
            -9.1609423,
            38.7590944
          ],
          [
            -9.1607632,
            38.7591224
          ],
          [
            -9.1604154,
            38.7591909
          ],
          [
            -9.1600682,
            38.7592966
          ],
          [
            -9.1597153,
            38.7594262
          ],
          [
            -9.1590089,
            38.7596701
          ],
          [
            -9.1584264,
            38.7598722
          ],
          [
            -9.1583804,
            38.7598882
          ],
          [
            -9.1578199,
            38.7600826
          ],
          [
            -9.1572593,
            38.7602771
          ],
          [
            -9.157182,
            38.7603045
          ],
          [
            -9.1569892,
            38.7603727
          ],
          [
            -9.1564192,
            38.7605714
          ],
          [
            -9.1560804,
            38.7607039
          ],
          [
            -9.155805,
            38.7608234
          ],
          [
            -9.1551423,
            38.7611181
          ],
          [
            -9.15448,
            38.7614205
          ],
          [
            -9.1543367,
            38.7614859
          ],
          [
            -9.1542039,
            38.7615455
          ],
          [
            -9.1539683,
            38.7616321
          ],
          [
            -9.1537559,
            38.7616984
          ],
          [
            -9.1536381,
            38.761732
          ],
          [
            -9.1534903,
            38.7617703
          ],
          [
            -9.153373,
            38.761797
          ],
          [
            -9.1532381,
            38.7618213
          ],
          [
            -9.152928,
            38.761866
          ],
          [
            -9.1526171,
            38.7619036
          ],
          [
            -9.1523128,
            38.7619297
          ],
          [
            -9.1519554,
            38.7619497
          ],
          [
            -9.1515698,
            38.7619543
          ],
          [
            -9.1512797,
            38.7619348
          ],
          [
            -9.1509911,
            38.7619007
          ],
          [
            -9.1505812,
            38.7618385
          ],
          [
            -9.1502229,
            38.7617652
          ],
          [
            -9.14988,
            38.7616641
          ],
          [
            -9.1495783,
            38.7615442
          ],
          [
            -9.1493289,
            38.7614236
          ],
          [
            -9.1491168,
            38.7613172
          ],
          [
            -9.1488549,
            38.7611687
          ],
          [
            -9.1484696,
            38.7609122
          ],
          [
            -9.1483285,
            38.7608152
          ],
          [
            -9.1482472,
            38.7607419
          ],
          [
            -9.1481363,
            38.7606101
          ],
          [
            -9.1479998,
            38.7604166
          ],
          [
            -9.1478518,
            38.760214
          ],
          [
            -9.1477384,
            38.7600378
          ],
          [
            -9.1476509,
            38.7598662
          ],
          [
            -9.1473225,
            38.7592751
          ],
          [
            -9.146026,
            38.7568616
          ],
          [
            -9.1447073,
            38.7543913
          ],
          [
            -9.1444175,
            38.753842
          ],
          [
            -9.1440306,
            38.7531067
          ],
          [
            -9.1436437,
            38.7523713
          ],
          [
            -9.1415932,
            38.7486285
          ],
          [
            -9.1414664,
            38.7484083
          ],
          [
            -9.1412408,
            38.7479867
          ],
          [
            -9.1402914,
            38.7462126
          ],
          [
            -9.1402124,
            38.7460836
          ],
          [
            -9.1401338,
            38.74598
          ],
          [
            -9.1400712,
            38.7459137
          ],
          [
            -9.1399361,
            38.7457914
          ],
          [
            -9.1397603,
            38.7456627
          ],
          [
            -9.1396125,
            38.7455792
          ],
          [
            -9.1394768,
            38.7455178
          ],
          [
            -9.1392914,
            38.7454534
          ],
          [
            -9.1390319,
            38.7453891
          ],
          [
            -9.138834,
            38.7453616
          ],
          [
            -9.138713,
            38.7453553
          ],
          [
            -9.1385427,
            38.7453574
          ],
          [
            -9.1382817,
            38.7453763
          ],
          [
            -9.1375118,
            38.7454422
          ],
          [
            -9.1371457,
            38.7454735
          ],
          [
            -9.1369691,
            38.7454882
          ],
          [
            -9.136752,
            38.7454975
          ],
          [
            -9.1366007,
            38.7454892
          ],
          [
            -9.136406,
            38.7454705
          ],
          [
            -9.1362384,
            38.7454435
          ],
          [
            -9.1360438,
            38.7453999
          ],
          [
            -9.1358749,
            38.7453511
          ],
          [
            -9.1356939,
            38.7452816
          ],
          [
            -9.1355409,
            38.745211
          ],
          [
            -9.1353999,
            38.7451332
          ],
          [
            -9.1352185,
            38.7450156
          ],
          [
            -9.1344278,
            38.7444219
          ],
          [
            -9.1342175,
            38.7442569
          ],
          [
            -9.1340855,
            38.7441477
          ],
          [
            -9.1339656,
            38.7440282
          ],
          [
            -9.1338751,
            38.7439244
          ],
          [
            -9.1337953,
            38.7438155
          ],
          [
            -9.1337275,
            38.7437055
          ],
          [
            -9.1336769,
            38.7436037
          ],
          [
            -9.1336315,
            38.7435018
          ],
          [
            -9.133593,
            38.743394
          ],
          [
            -9.1335704,
            38.7433018
          ],
          [
            -9.1335451,
            38.743154
          ],
          [
            -9.13353,
            38.7427135
          ],
          [
            -9.1335044,
            38.7423293
          ],
          [
            -9.1334884,
            38.7421519
          ],
          [
            -9.1334409,
            38.7416427
          ],
          [
            -9.1334124,
            38.7413518
          ],
          [
            -9.1333842,
            38.7411076
          ],
          [
            -9.1334016,
            38.7407566
          ],
          [
            -9.1334432,
            38.7403492
          ],
          [
            -9.1335424,
            38.7396454
          ],
          [
            -9.1338086,
            38.7376667
          ],
          [
            -9.1338248,
            38.7374963
          ],
          [
            -9.1338745,
            38.7369716
          ],
          [
            -9.1339233,
            38.7364567
          ],
          [
            -9.134266,
            38.7333573
          ],
          [
            -9.1343338,
            38.7327013
          ],
          [
            -9.1344016,
            38.7320453
          ],
          [
            -9.1348255,
            38.7277582
          ],
          [
            -9.1349013,
            38.72697
          ],
          [
            -9.1349768,
            38.7261836
          ],
          [
            -9.1351134,
            38.7248656
          ],
          [
            -9.1352097,
            38.7238688
          ],
          [
            -9.1352785,
            38.7231737
          ],
          [
            -9.1353473,
            38.7224784
          ],
          [
            -9.1357504,
            38.7180857
          ],
          [
            -9.1357972,
            38.7176139
          ],
          [
            -9.1358439,
            38.717142
          ],
          [
            -9.1358466,
            38.7171198
          ],
          [
            -9.1358765,
            38.7168742
          ],
          [
            -9.1359179,
            38.7164606
          ],
          [
            -9.1360011,
            38.7156314
          ],
          [
            -9.1360151,
            38.7155052
          ],
          [
            -9.136024,
            38.7154518
          ],
          [
            -9.1360327,
            38.7153977
          ],
          [
            -9.1360456,
            38.7153274
          ],
          [
            -9.1360673,
            38.7152398
          ],
          [
            -9.1360786,
            38.7151988
          ],
          [
            -9.1360916,
            38.7151564
          ],
          [
            -9.136103,
            38.7151269
          ],
          [
            -9.1361146,
            38.7150955
          ],
          [
            -9.1361322,
            38.7150513
          ],
          [
            -9.1361516,
            38.7150078
          ],
          [
            -9.1361757,
            38.7149594
          ],
          [
            -9.1362057,
            38.7149052
          ],
          [
            -9.1362387,
            38.7148557
          ],
          [
            -9.1362823,
            38.7147936
          ],
          [
            -9.1363208,
            38.7147449
          ],
          [
            -9.1363504,
            38.7147105
          ],
          [
            -9.1363712,
            38.7146877
          ],
          [
            -9.1363982,
            38.7146591
          ],
          [
            -9.1364023,
            38.7146553
          ],
          [
            -9.1364437,
            38.7146149
          ],
          [
            -9.136517,
            38.7145545
          ],
          [
            -9.1365407,
            38.7145358
          ],
          [
            -9.1365639,
            38.7145181
          ],
          [
            -9.1365913,
            38.7144964
          ],
          [
            -9.1366122,
            38.7144815
          ],
          [
            -9.1366247,
            38.7144728
          ],
          [
            -9.136639,
            38.7144633
          ],
          [
            -9.1366656,
            38.7144458
          ],
          [
            -9.1366925,
            38.714429
          ],
          [
            -9.1367198,
            38.7144125
          ],
          [
            -9.1367597,
            38.7143896
          ],
          [
            -9.1367978,
            38.714369
          ],
          [
            -9.1368378,
            38.7143488
          ],
          [
            -9.1368754,
            38.7143306
          ],
          [
            -9.1369176,
            38.7143113
          ],
          [
            -9.1369734,
            38.7142875
          ],
          [
            -9.1370301,
            38.7142651
          ],
          [
            -9.1370633,
            38.7142526
          ],
          [
            -9.1370943,
            38.7142414
          ],
          [
            -9.1371426,
            38.7142251
          ],
          [
            -9.1371993,
            38.714207
          ],
          [
            -9.1372709,
            38.7141866
          ],
          [
            -9.1373147,
            38.7141745
          ],
          [
            -9.1373586,
            38.7141629
          ],
          [
            -9.1379162,
            38.7140396
          ],
          [
            -9.1385268,
            38.7139106
          ],
          [
            -9.1387897,
            38.7138465
          ],
          [
            -9.1388963,
            38.7138152
          ],
          [
            -9.1390152,
            38.7137786
          ],
          [
            -9.1391416,
            38.713731
          ],
          [
            -9.1393125,
            38.7136537
          ],
          [
            -9.1393691,
            38.7136257
          ],
          [
            -9.1394958,
            38.7135563
          ],
          [
            -9.1396197,
            38.7134756
          ],
          [
            -9.1397228,
            38.7134012
          ],
          [
            -9.1398039,
            38.7133351
          ],
          [
            -9.1399482,
            38.7131983
          ],
          [
            -9.1400547,
            38.7130755
          ],
          [
            -9.1401073,
            38.7130073
          ],
          [
            -9.1401743,
            38.7129073
          ],
          [
            -9.1402517,
            38.7127687
          ],
          [
            -9.1402969,
            38.7126696
          ],
          [
            -9.140342,
            38.7125479
          ],
          [
            -9.1403771,
            38.712413
          ],
          [
            -9.1403955,
            38.7123158
          ],
          [
            -9.1404069,
            38.7122136
          ],
          [
            -9.1404129,
            38.7121131
          ],
          [
            -9.1404146,
            38.7119984
          ],
          [
            -9.1404118,
            38.7118893
          ],
          [
            -9.1403775,
            38.7112069
          ],
          [
            -9.1403331,
            38.7104088
          ],
          [
            -9.1402981,
            38.709781
          ],
          [
            -9.1402886,
            38.7096106
          ],
          [
            -9.1402573,
            38.7091459
          ],
          [
            -9.1402529,
            38.7090076
          ],
          [
            -9.1402532,
            38.708934
          ],
          [
            -9.1402549,
            38.7088605
          ],
          [
            -9.1402571,
            38.7088031
          ],
          [
            -9.1402684,
            38.7087068
          ],
          [
            -9.1402821,
            38.708631
          ],
          [
            -9.1403016,
            38.708546
          ],
          [
            -9.1403244,
            38.7084579
          ],
          [
            -9.1403525,
            38.708376
          ],
          [
            -9.1403679,
            38.7083356
          ],
          [
            -9.1403839,
            38.7082946
          ],
          [
            -9.14041,
            38.7082337
          ],
          [
            -9.1404455,
            38.7081525
          ],
          [
            -9.1404759,
            38.7080944
          ],
          [
            -9.1405113,
            38.7080304
          ],
          [
            -9.1405591,
            38.7079556
          ],
          [
            -9.140605,
            38.7078954
          ],
          [
            -9.1406531,
            38.707836
          ],
          [
            -9.1407481,
            38.707724
          ],
          [
            -9.1407872,
            38.7076796
          ],
          [
            -9.1408713,
            38.7075927
          ],
          [
            -9.1410005,
            38.7074726
          ],
          [
            -9.1411122,
            38.7073781
          ],
          [
            -9.1412487,
            38.7072678
          ],
          [
            -9.141402,
            38.7071463
          ],
          [
            -9.141586,
            38.7070007
          ],
          [
            -9.141755,
            38.7068751
          ],
          [
            -9.1418757,
            38.706795
          ],
          [
            -9.1420576,
            38.7066906
          ],
          [
            -9.1421651,
            38.7066353
          ],
          [
            -9.1422428,
            38.7066006
          ],
          [
            -9.1423863,
            38.7065395
          ],
          [
            -9.1425184,
            38.7064898
          ],
          [
            -9.1426282,
            38.7064542
          ],
          [
            -9.1428227,
            38.7064001
          ],
          [
            -9.1431198,
            38.7063335
          ],
          [
            -9.1433252,
            38.7062905
          ],
          [
            -9.1435881,
            38.7062361
          ],
          [
            -9.1437985,
            38.7061938
          ],
          [
            -9.1439335,
            38.7061703
          ],
          [
            -9.1441,
            38.706142
          ],
          [
            -9.1442392,
            38.7061238
          ],
          [
            -9.1443765,
            38.706112
          ],
          [
            -9.1444886,
            38.7061039
          ],
          [
            -9.1446406,
            38.7060974
          ],
          [
            -9.1449105,
            38.7060995
          ],
          [
            -9.145334,
            38.7061079
          ],
          [
            -9.1459679,
            38.7061204
          ],
          [
            -9.1462241,
            38.7061255
          ],
          [
            -9.1468277,
            38.7061368
          ]
        ]
      },
      "id": "relation/371080"
    },
    {
      "type": "Feature",
      "properties": {
        "@id": "relation/371084",
        "colour": "#DF096F",
        "from": "São Sebastião",
        "name": "Linha Vermelha: São Sebastião → Aeroporto",
        "network": "Metropolitano de Lisboa",
        "network:wikidata": "Q746032",
        "network:wikipedia": "pt:Metropolitano de Lisboa",
        "operator": "Metropolitano de Lisboa",
        "operator:wikidata": "Q746032",
        "operator:wikipedia": "pt:Metropolitano de Lisboa",
        "public_transport:version": "2",
        "ref": "Vermelha",
        "route": "subway",
        "to": "Aeroporto",
        "type": "route",
        "wikidata": "Q163215",
        "wikipedia": "pt:Linha Vermelha (Metropolitano de Lisboa)"
      },
      "geometry": {
        "type": "LineString",
        "coordinates": [[
          -9.1539011,
          38.7342849
        ],
        [
          -9.1532573,
          38.7345326
        ],
        [
          -9.1526342,
          38.7347442
        ],
        [
          -9.1524596,
          38.7348047
        ],
        [
          -9.1521998,
          38.734888
        ],
        [
          -9.1520352,
          38.7349353
        ],
        [
          -9.1518769,
          38.734964
        ],
        [
          -9.1517416,
          38.7349835
        ],
        [
          -9.1515339,
          38.735004
        ],
        [
          -9.1513064,
          38.7350188
        ],
        [
          -9.1510516,
          38.7350277
        ],
          [
            -9.1506981,
            38.7350348
          ],
          [
            -9.1499699,
            38.7350538
          ],
          [
            -9.1478617,
            38.7351059
          ],
          [
            -9.1468311,
            38.7351338
          ],
          [
            -9.1458052,
            38.7351616
          ],
          [
            -9.1448067,
            38.7351888
          ],
          [
            -9.1443392,
            38.7352017
          ],
          [
            -9.1429721,
            38.7352395
          ],
          [
            -9.1415331,
            38.7352793
          ],
          [
            -9.1401316,
            38.7353174
          ],
          [
            -9.1397008,
            38.73533
          ],
          [
            -9.1394782,
            38.7353404
          ],
          [
            -9.1393055,
            38.7353539
          ],
          [
            -9.1391163,
            38.7353752
          ],
          [
            -9.1389119,
            38.7354095
          ],
          [
            -9.1387898,
            38.7354359
          ],
          [
            -9.1386147,
            38.7354827
          ],
          [
            -9.138473,
            38.7355273
          ],
          [
            -9.1382682,
            38.7356017
          ],
          [
            -9.1381296,
            38.7356584
          ],
          [
            -9.1378866,
            38.735767
          ],
          [
            -9.1375205,
            38.7359328
          ],
          [
            -9.1372381,
            38.7360602
          ],
          [
            -9.1370499,
            38.7361318
          ],
          [
            -9.1368913,
            38.7361855
          ],
          [
            -9.1366879,
            38.7362459
          ],
          [
            -9.1364928,
            38.7362973
          ],
          [
            -9.1362125,
            38.7363662
          ],
          [
            -9.1360208,
            38.7364081
          ],
          [
            -9.135768,
            38.7364601
          ],
          [
            -9.1355101,
            38.736507
          ],
          [
            -9.1353841,
            38.7365279
          ],
          [
            -9.1352453,
            38.7365506
          ],
          [
            -9.1351267,
            38.73657
          ],
          [
            -9.1349608,
            38.7365961
          ],
          [
            -9.1346696,
            38.7366435
          ],
          [
            -9.1344018,
            38.736687
          ],
          [
            -9.134121,
            38.7367328
          ],
          [
            -9.133222,
            38.7368795
          ],
          [
            -9.1324548,
            38.7370031
          ],
          [
            -9.1316876,
            38.7371267
          ],
          [
            -9.1296348,
            38.7374228
          ],
          [
            -9.1270984,
            38.7378145
          ],
          [
            -9.1264016,
            38.7379924
          ],
          [
            -9.1258084,
            38.7382728
          ],
          [
            -9.12395,
            38.7394852
          ],
          [
            -9.1223144,
            38.7405935
          ],
          [
            -9.1220252,
            38.740792
          ],
          [
            -9.1216919,
            38.7410024
          ],
          [
            -9.1215423,
            38.7411004
          ],
          [
            -9.12137,
            38.741217
          ],
          [
            -9.1212689,
            38.7412903
          ],
          [
            -9.1211547,
            38.7413775
          ],
          [
            -9.1210494,
            38.741468
          ],
          [
            -9.1209632,
            38.7415502
          ],
          [
            -9.1208466,
            38.7416743
          ],
          [
            -9.1207784,
            38.7417573
          ],
          [
            -9.1206941,
            38.7418721
          ],
          [
            -9.1206348,
            38.7419608
          ],
          [
            -9.1205768,
            38.7420555
          ],
          [
            -9.1205194,
            38.7421577
          ],
          [
            -9.120444,
            38.7422972
          ],
          [
            -9.1203064,
            38.7425757
          ],
          [
            -9.1179468,
            38.7470538
          ],
          [
            -9.1176782,
            38.7475415
          ],
          [
            -9.1147361,
            38.7530145
          ],
          [
            -9.1138872,
            38.7548276
          ],
          [
            -9.1136066,
            38.7555542
          ],
          [
            -9.1131422,
            38.7564597
          ],
          [
            -9.1130592,
            38.7566835
          ],
          [
            -9.1130071,
            38.7568565
          ],
          [
            -9.1129792,
            38.7569739
          ],
          [
            -9.1129564,
            38.757127
          ],
          [
            -9.112931,
            38.7573376
          ],
          [
            -9.1129203,
            38.7577676
          ],
          [
            -9.1129512,
            38.7585626
          ],
          [
            -9.1129404,
            38.7587309
          ],
          [
            -9.1129121,
            38.7589232
          ],
          [
            -9.112869,
            38.7591051
          ],
          [
            -9.1128097,
            38.7592827
          ],
          [
            -9.1127557,
            38.75941
          ],
          [
            -9.1126803,
            38.7595602
          ],
          [
            -9.1126142,
            38.7596747
          ],
          [
            -9.1125484,
            38.7597785
          ],
          [
            -9.1120139,
            38.7606063
          ],
          [
            -9.1114794,
            38.761434
          ],
          [
            -9.1112982,
            38.7617083
          ],
          [
            -9.1111542,
            38.7619077
          ],
          [
            -9.1110166,
            38.7620634
          ],
          [
            -9.1108628,
            38.7622149
          ],
          [
            -9.1106914,
            38.7623496
          ],
          [
            -9.1105699,
            38.7624338
          ],
          [
            -9.1104377,
            38.7625148
          ],
          [
            -9.1102893,
            38.7625968
          ],
          [
            -9.1101016,
            38.7626831
          ],
          [
            -9.1098684,
            38.7627725
          ],
          [
            -9.109654,
            38.7628377
          ],
          [
            -9.1094597,
            38.7628861
          ],
          [
            -9.1092517,
            38.762924
          ],
          [
            -9.1090183,
            38.7629492
          ],
          [
            -9.1087785,
            38.7629619
          ],
          [
            -9.108263,
            38.7629681
          ],
          [
            -9.1040551,
            38.7629773
          ],
          [
            -9.1028693,
            38.7629805
          ],
          [
            -9.1022759,
            38.7629868
          ],
          [
            -9.1020455,
            38.7630034
          ],
          [
            -9.1018152,
            38.7630398
          ],
          [
            -9.1016061,
            38.7630886
          ],
          [
            -9.1014036,
            38.7631509
          ],
          [
            -9.1011949,
            38.7632328
          ],
          [
            -9.1010396,
            38.7633176
          ],
          [
            -9.1008476,
            38.7634413
          ],
          [
            -9.1006972,
            38.7635586
          ],
          [
            -9.1005243,
            38.7637214
          ],
          [
            -9.1004499,
            38.763822
          ],
          [
            -9.1003819,
            38.7639103
          ],
          [
            -9.1003087,
            38.7640338
          ],
          [
            -9.1002337,
            38.7641769
          ],
          [
            -9.1001698,
            38.7642953
          ],
          [
            -9.1001046,
            38.7644892
          ],
          [
            -9.1000699,
            38.7646661
          ],
          [
            -9.100027,
            38.764919
          ],
          [
            -9.0999842,
            38.7651946
          ],
          [
            -9.0998682,
            38.7664941
          ],
          [
            -9.0997915,
            38.7672187
          ],
          [
            -9.0997334,
            38.7678571
          ],
          [
            -9.0996474,
            38.7688025
          ],
          [
            -9.0992394,
            38.772922
          ],
          [
            -9.0992341,
            38.7731716
          ],
          [
            -9.0992354,
            38.7732748
          ],
          [
            -9.0992549,
            38.7734099
          ],
          [
            -9.0992837,
            38.7735504
          ],
          [
            -9.0993212,
            38.7736635
          ],
          [
            -9.0993732,
            38.7737892
          ],
          [
            -9.099463,
            38.7739516
          ],
          [
            -9.0995875,
            38.7741242
          ],
          [
            -9.0996504,
            38.7741992
          ],
          [
            -9.0997636,
            38.7743118
          ],
          [
            -9.0999058,
            38.7744329
          ],
          [
            -9.1000618,
            38.7745433
          ],
          [
            -9.100256,
            38.7746551
          ],
          [
            -9.1004351,
            38.7747381
          ],
          [
            -9.1006569,
            38.7748184
          ],
          [
            -9.100848,
            38.7748712
          ],
          [
            -9.1010314,
            38.7749076
          ],
          [
            -9.1012402,
            38.7749351
          ],
          [
            -9.1014511,
            38.7749484
          ],
          [
            -9.1016329,
            38.7749514
          ],
          [
            -9.1017885,
            38.7749453
          ],
          [
            -9.1023605,
            38.7749245
          ],
          [
            -9.1030009,
            38.774894
          ],
          [
            -9.1039162,
            38.7748503
          ],
          [
            -9.1042248,
            38.7748366
          ],
          [
            -9.1046459,
            38.7748179
          ],
          [
            -9.1052416,
            38.7747907
          ],
          [
            -9.1056497,
            38.7747749
          ],
          [
            -9.1060147,
            38.7747728
          ],
          [
            -9.1062552,
            38.7747867
          ],
          [
            -9.1065589,
            38.7748251
          ],
          [
            -9.1068464,
            38.7748817
          ],
          [
            -9.1072223,
            38.7749847
          ],
          [
            -9.1076506,
            38.7751343
          ],
          [
            -9.1082304,
            38.7753467
          ],
          [
            -9.1087024,
            38.7755181
          ],
          [
            -9.1092577,
            38.7757199
          ],
          [
            -9.1096978,
            38.775881
          ],
          [
            -9.110388,
            38.776137
          ],
          [
            -9.1108794,
            38.7763098
          ],
          [
            -9.111036,
            38.776358
          ],
          [
            -9.1112401,
            38.7764124
          ],
          [
            -9.1114461,
            38.7764554
          ],
          [
            -9.1116253,
            38.7764829
          ],
          [
            -9.1118718,
            38.7765075
          ],
          [
            -9.112091,
            38.7765126
          ],
          [
            -9.1122556,
            38.7765063
          ],
          [
            -9.1123338,
            38.7765033
          ],
          [
            -9.1125536,
            38.7764819
          ],
          [
            -9.1128514,
            38.7764328
          ],
          [
            -9.113011,
            38.7763913
          ],
          [
            -9.1131741,
            38.7763421
          ],
          [
            -9.1133691,
            38.7762738
          ],
          [
            -9.1136455,
            38.7761496
          ],
          [
            -9.113679,
            38.7761319
          ],
          [
            -9.1137694,
            38.776084
          ],
          [
            -9.113889,
            38.7760207
          ],
          [
            -9.114294,
            38.7757872
          ],
          [
            -9.1146799,
            38.7755616
          ],
          [
            -9.1150166,
            38.7753619
          ],
          [
            -9.1155101,
            38.7750749
          ],
          [
            -9.1162144,
            38.7746654
          ],
          [
            -9.1165588,
            38.7744648
          ],
          [
            -9.1169647,
            38.7742236
          ],
          [
            -9.1173395,
            38.7739896
          ],
          [
            -9.1177128,
            38.7737392
          ],
          [
            -9.1194643,
            38.7725692
          ],
          [
            -9.1202609,
            38.772037
          ],
          [
            -9.1205646,
            38.7718336
          ],
          [
            -9.1208221,
            38.7716516
          ],
          [
            -9.1210315,
            38.7714956
          ],
          [
            -9.1212566,
            38.7713212
          ],
          [
            -9.1214834,
            38.7711298
          ],
          [
            -9.121658,
            38.7709802
          ],
          [
            -9.1218698,
            38.7707828
          ],
          [
            -9.1221025,
            38.7705555
          ],
          [
            -9.1224903,
            38.7701737
          ],
          [
            -9.1227441,
            38.7699295
          ],
          [
            -9.1229624,
            38.7697455
          ],
          [
            -9.123095,
            38.7696421
          ],
          [
            -9.1232479,
            38.7695368
          ],
          [
            -9.1234157,
            38.7694304
          ],
          [
            -9.1236233,
            38.7693154
          ],
          [
            -9.1238535,
            38.769206
          ],
          [
            -9.124109,
            38.7690979
          ],
          [
            -9.1242648,
            38.7690409
          ],
          [
            -9.1244466,
            38.7689877
          ],
          [
            -9.1246873,
            38.768923
          ],
          [
            -9.1249839,
            38.7688615
          ],
          [
            -9.1252134,
            38.7688244
          ],
          [
            -9.1256961,
            38.7687573
          ],
          [
            -9.1266526,
            38.7686323
          ],
          [
            -9.1276303,
            38.7685037
          ],
          [
            -9.1282772,
            38.7684185
          ]
        ]
      },
      "id": "relation/371084"
    },
    {
      "type": "Feature",
      "properties": {
        "@id": "node/146311452",
        "@relations": [
          {
            "role": "stop",
            "rel": 370761,
            "reltags": {
              "colour": "#F4BC18",
              "from": "Rato",
              "name": "Linha Amarela: Rato → Odivelas",
              "network": "Metropolitano de Lisboa",
              "network:wikidata": "Q746032",
              "network:wikipedia": "pt:Metropolitano de Lisboa",
              "operator": "Metropolitano de Lisboa",
              "operator:wikidata": "Q746032",
              "operator:wikipedia": "pt:Metropolitano de Lisboa",
              "public_transport:version": "2",
              "ref": "Amarela",
              "route": "subway",
              "to": "Odivelas",
              "type": "route",
              "wikidata": "Q1826607",
              "wikipedia": "pt:Linha Amarela do Metropolitano de Lisboa"
            }
          }
        ]
      },
      "geometry": {
        "type": "Point",
        "coordinates": [
          -9.1730002,
          38.79326
        ]
      },
      "id": "node/146311452"
    },
    {
      "type": "Feature",
      "properties": {
        "@id": "node/146311461",
        "@relations": [
          {
            "role": "stop",
            "rel": 370761,
            "reltags": {
              "colour": "#F4BC18",
              "from": "Rato",
              "name": "Linha Amarela: Rato → Odivelas",
              "network": "Metropolitano de Lisboa",
              "network:wikidata": "Q746032",
              "network:wikipedia": "pt:Metropolitano de Lisboa",
              "operator": "Metropolitano de Lisboa",
              "operator:wikidata": "Q746032",
              "operator:wikipedia": "pt:Metropolitano de Lisboa",
              "public_transport:version": "2",
              "ref": "Amarela",
              "route": "subway",
              "to": "Odivelas",
              "type": "route",
              "wikidata": "Q1826607",
              "wikipedia": "pt:Linha Amarela do Metropolitano de Lisboa"
            }
          }
        ]
      },
      "geometry": {
        "type": "Point",
        "coordinates": [
          -9.1718324,
          38.7856218
        ]
      },
      "id": "node/146311461"
    },
    {
      "type": "Feature",
      "properties": {
        "@id": "node/246763946",
        "@relations": [
          {
            "role": "stop",
            "rel": 370761,
            "reltags": {
              "colour": "#F4BC18",
              "from": "Rato",
              "name": "Linha Amarela: Rato → Odivelas",
              "network": "Metropolitano de Lisboa",
              "network:wikidata": "Q746032",
              "network:wikipedia": "pt:Metropolitano de Lisboa",
              "operator": "Metropolitano de Lisboa",
              "operator:wikidata": "Q746032",
              "operator:wikipedia": "pt:Metropolitano de Lisboa",
              "public_transport:version": "2",
              "ref": "Amarela",
              "route": "subway",
              "to": "Odivelas",
              "type": "route",
              "wikidata": "Q1826607",
              "wikipedia": "pt:Linha Amarela do Metropolitano de Lisboa"
            }
          }
        ]
      },
      "geometry": {
        "type": "Point",
        "coordinates": [
          -9.159114,
          38.7514975
        ]
      },
      "id": "node/246763946"
    },
    {
      "type": "Feature",
      "properties": {
        "@id": "node/246763964",
        "@relations": [
          {
            "role": "stop",
            "rel": 370761,
            "reltags": {
              "colour": "#F4BC18",
              "from": "Rato",
              "name": "Linha Amarela: Rato → Odivelas",
              "network": "Metropolitano de Lisboa",
              "network:wikidata": "Q746032",
              "network:wikipedia": "pt:Metropolitano de Lisboa",
              "operator": "Metropolitano de Lisboa",
              "operator:wikidata": "Q746032",
              "operator:wikipedia": "pt:Metropolitano de Lisboa",
              "public_transport:version": "2",
              "ref": "Amarela",
              "route": "subway",
              "to": "Odivelas",
              "type": "route",
              "wikidata": "Q1826607",
              "wikipedia": "pt:Linha Amarela do Metropolitano de Lisboa"
            }
          }
        ]
      },
      "geometry": {
        "type": "Point",
        "coordinates": [
          -9.1481984,
          38.7470271
        ]
      },
      "id": "node/246763964"
    },
    {
      "type": "Feature",
      "properties": {
        "@id": "node/246763968",
        "@relations": [
          {
            "role": "stop",
            "rel": 370761,
            "reltags": {
              "colour": "#F4BC18",
              "from": "Rato",
              "name": "Linha Amarela: Rato → Odivelas",
              "network": "Metropolitano de Lisboa",
              "network:wikidata": "Q746032",
              "network:wikipedia": "pt:Metropolitano de Lisboa",
              "operator": "Metropolitano de Lisboa",
              "operator:wikidata": "Q746032",
              "operator:wikipedia": "pt:Metropolitano de Lisboa",
              "public_transport:version": "2",
              "ref": "Amarela",
              "route": "subway",
              "to": "Odivelas",
              "type": "route",
              "wikidata": "Q1826607",
              "wikipedia": "pt:Linha Amarela do Metropolitano de Lisboa"
            }
          }
        ]
      },
      "geometry": {
        "type": "Point",
        "coordinates": [
          -9.1467947,
          38.7411137
        ]
      },
      "id": "node/246763968"
    },
    {
      "type": "Feature",
      "properties": {
        "@id": "node/247051839",
        "@relations": [
          {
            "role": "stop",
            "rel": 370761,
            "reltags": {
              "colour": "#F4BC18",
              "from": "Rato",
              "name": "Linha Amarela: Rato → Odivelas",
              "network": "Metropolitano de Lisboa",
              "network:wikidata": "Q746032",
              "network:wikipedia": "pt:Metropolitano de Lisboa",
              "operator": "Metropolitano de Lisboa",
              "operator:wikidata": "Q746032",
              "operator:wikipedia": "pt:Metropolitano de Lisboa",
              "public_transport:version": "2",
              "ref": "Amarela",
              "route": "subway",
              "to": "Odivelas",
              "type": "route",
              "wikidata": "Q1826607",
              "wikipedia": "pt:Linha Amarela do Metropolitano de Lisboa"
            }
          }
        ]
      },
      "geometry": {
        "type": "Point",
        "coordinates": [
          -9.1548457,
          38.7201088
        ]
      },
      "id": "node/247051839"
    },
    {
      "type": "Feature",
      "properties": {
        "@id": "node/256674213",
        "@relations": [
          {
            "role": "stop",
            "rel": 371021,
            "reltags": {
              "colour": "#4E84C4",
              "from": "Santa Apolónia",
              "name": "Linha Azul: Santa Apolónia → Reboleira",
              "network": "Metropolitano de Lisboa",
              "network:wikidata": "Q746032",
              "network:wikipedia": "pt:Metropolitano de Lisboa",
              "operator": "Metropolitano de Lisboa",
              "operator:wikidata": "Q746032",
              "operator:wikipedia": "pt:Metropolitano de Lisboa",
              "public_transport:version": "2",
              "ref": "Azul",
              "route": "subway",
              "to": "Reboleira",
              "type": "route",
              "wikidata": "Q1826609",
              "wikipedia": "pt:Linha Azul do Metropolitano de Lisboa"
            }
          }
        ]
      },
      "geometry": {
        "type": "Point",
        "coordinates": [
          -9.150259,
          38.7295152
        ]
      },
      "id": "node/256674213"
    },
    {
      "type": "Feature",
      "properties": {
        "@id": "node/256975148",
        "@relations": [
          {
            "role": "stop",
            "rel": 371084,
            "reltags": {
              "colour": "#DF096F",
              "from": "São Sebastião",
              "name": "Linha Vermelha: São Sebastião → Aeroporto",
              "network": "Metropolitano de Lisboa",
              "network:wikidata": "Q746032",
              "network:wikipedia": "pt:Metropolitano de Lisboa",
              "operator": "Metropolitano de Lisboa",
              "operator:wikidata": "Q746032",
              "operator:wikipedia": "pt:Metropolitano de Lisboa",
              "public_transport:version": "2",
              "ref": "Vermelha",
              "route": "subway",
              "to": "Aeroporto",
              "type": "route",
              "wikidata": "Q163215",
              "wikipedia": "pt:Linha Vermelha (Metropolitano de Lisboa)"
            }
          }
        ]
      },
      "geometry": {
        "type": "Point",
        "coordinates": [
          -9.1176782,
          38.7475415
        ]
      },
      "id": "node/256975148"
    },
    {
      "type": "Feature",
      "properties": {
        "@id": "node/256975157",
        "@relations": [
          {
            "role": "stop",
            "rel": 371084,
            "reltags": {
              "colour": "#DF096F",
              "from": "São Sebastião",
              "name": "Linha Vermelha: São Sebastião → Aeroporto",
              "network": "Metropolitano de Lisboa",
              "network:wikidata": "Q746032",
              "network:wikipedia": "pt:Metropolitano de Lisboa",
              "operator": "Metropolitano de Lisboa",
              "operator:wikidata": "Q746032",
              "operator:wikipedia": "pt:Metropolitano de Lisboa",
              "public_transport:version": "2",
              "ref": "Vermelha",
              "route": "subway",
              "to": "Aeroporto",
              "type": "route",
              "wikidata": "Q163215",
              "wikipedia": "pt:Linha Vermelha (Metropolitano de Lisboa)"
            }
          }
        ]
      },
      "geometry": {
        "type": "Point",
        "coordinates": [
          -9.1138872,
          38.7548276
        ]
      },
      "id": "node/256975157"
    },
    {
      "type": "Feature",
      "properties": {
        "@id": "node/256975169",
        "@relations": [
          {
            "role": "stop",
            "rel": 371084,
            "reltags": {
              "colour": "#DF096F",
              "from": "São Sebastião",
              "name": "Linha Vermelha: São Sebastião → Aeroporto",
              "network": "Metropolitano de Lisboa",
              "network:wikidata": "Q746032",
              "network:wikipedia": "pt:Metropolitano de Lisboa",
              "operator": "Metropolitano de Lisboa",
              "operator:wikidata": "Q746032",
              "operator:wikipedia": "pt:Metropolitano de Lisboa",
              "public_transport:version": "2",
              "ref": "Vermelha",
              "route": "subway",
              "to": "Aeroporto",
              "type": "route",
              "wikidata": "Q163215",
              "wikipedia": "pt:Linha Vermelha (Metropolitano de Lisboa)"
            }
          }
        ]
      },
      "geometry": {
        "type": "Point",
        "coordinates": [
          -9.1040551,
          38.7629773
        ]
      },
      "id": "node/256975169"
    },
    {
      "type": "Feature",
      "properties": {
        "@id": "node/256976574",
        "@relations": [
          {
            "role": "stop",
            "rel": 371021,
            "reltags": {
              "colour": "#4E84C4",
              "from": "Santa Apolónia",
              "name": "Linha Azul: Santa Apolónia → Reboleira",
              "network": "Metropolitano de Lisboa",
              "network:wikidata": "Q746032",
              "network:wikipedia": "pt:Metropolitano de Lisboa",
              "operator": "Metropolitano de Lisboa",
              "operator:wikidata": "Q746032",
              "operator:wikipedia": "pt:Metropolitano de Lisboa",
              "public_transport:version": "2",
              "ref": "Azul",
              "route": "subway",
              "to": "Reboleira",
              "type": "route",
              "wikidata": "Q1826609",
              "wikipedia": "pt:Linha Azul do Metropolitano de Lisboa"
            }
          }
        ]
      },
      "geometry": {
        "type": "Point",
        "coordinates": [
          -9.1592473,
          38.737684
        ]
      },
      "id": "node/256976574"
    },
    {
      "type": "Feature",
      "properties": {
        "@id": "node/256978160",
        "@relations": [
          {
            "role": "stop",
            "rel": 371021,
            "reltags": {
              "colour": "#4E84C4",
              "from": "Santa Apolónia",
              "name": "Linha Azul: Santa Apolónia → Reboleira",
              "network": "Metropolitano de Lisboa",
              "network:wikidata": "Q746032",
              "network:wikipedia": "pt:Metropolitano de Lisboa",
              "operator": "Metropolitano de Lisboa",
              "operator:wikidata": "Q746032",
              "operator:wikipedia": "pt:Metropolitano de Lisboa",
              "public_transport:version": "2",
              "ref": "Azul",
              "route": "subway",
              "to": "Reboleira",
              "type": "route",
              "wikidata": "Q1826609",
              "wikipedia": "pt:Linha Azul do Metropolitano de Lisboa"
            }
          }
        ]
      },
      "geometry": {
        "type": "Point",
        "coordinates": [
          -9.1689132,
          38.7420882
        ]
      },
      "id": "node/256978160"
    },
    {
      "type": "Feature",
      "properties": {
        "@id": "node/256978165",
        "@relations": [
          {
            "role": "stop",
            "rel": 371021,
            "reltags": {
              "colour": "#4E84C4",
              "from": "Santa Apolónia",
              "name": "Linha Azul: Santa Apolónia → Reboleira",
              "network": "Metropolitano de Lisboa",
              "network:wikidata": "Q746032",
              "network:wikipedia": "pt:Metropolitano de Lisboa",
              "operator": "Metropolitano de Lisboa",
              "operator:wikidata": "Q746032",
              "operator:wikipedia": "pt:Metropolitano de Lisboa",
              "public_transport:version": "2",
              "ref": "Azul",
              "route": "subway",
              "to": "Reboleira",
              "type": "route",
              "wikidata": "Q1826609",
              "wikipedia": "pt:Linha Azul do Metropolitano de Lisboa"
            }
          }
        ]
      },
      "geometry": {
        "type": "Point",
        "coordinates": [
          -9.1730362,
          38.7482497
        ]
      },
      "id": "node/256978165"
    },
    {
      "type": "Feature",
      "properties": {
        "@id": "node/256978170",
        "@relations": [
          {
            "role": "stop",
            "rel": 371021,
            "reltags": {
              "colour": "#4E84C4",
              "from": "Santa Apolónia",
              "name": "Linha Azul: Santa Apolónia → Reboleira",
              "network": "Metropolitano de Lisboa",
              "network:wikidata": "Q746032",
              "network:wikipedia": "pt:Metropolitano de Lisboa",
              "operator": "Metropolitano de Lisboa",
              "operator:wikidata": "Q746032",
              "operator:wikipedia": "pt:Metropolitano de Lisboa",
              "public_transport:version": "2",
              "ref": "Azul",
              "route": "subway",
              "to": "Reboleira",
              "type": "route",
              "wikidata": "Q1826609",
              "wikipedia": "pt:Linha Azul do Metropolitano de Lisboa"
            }
          }
        ]
      },
      "geometry": {
        "type": "Point",
        "coordinates": [
          -9.1797946,
          38.7498954
        ]
      },
      "id": "node/256978170"
    },
    {
      "type": "Feature",
      "properties": {
        "@id": "node/256981321",
        "@relations": [
          {
            "role": "stop",
            "rel": 371021,
            "reltags": {
              "colour": "#4E84C4",
              "from": "Santa Apolónia",
              "name": "Linha Azul: Santa Apolónia → Reboleira",
              "network": "Metropolitano de Lisboa",
              "network:wikidata": "Q746032",
              "network:wikipedia": "pt:Metropolitano de Lisboa",
              "operator": "Metropolitano de Lisboa",
              "operator:wikidata": "Q746032",
              "operator:wikipedia": "pt:Metropolitano de Lisboa",
              "public_transport:version": "2",
              "ref": "Azul",
              "route": "subway",
              "to": "Reboleira",
              "type": "route",
              "wikidata": "Q1826609",
              "wikipedia": "pt:Linha Azul do Metropolitano de Lisboa"
            }
          }
        ]
      },
      "geometry": {
        "type": "Point",
        "coordinates": [
          -9.2045596,
          38.7603342
        ]
      },
      "id": "node/256981321"
    },
    {
      "type": "Feature",
      "properties": {
        "@id": "node/600134721",
        "@relations": [
          {
            "role": "stop",
            "rel": 371021,
            "reltags": {
              "colour": "#4E84C4",
              "from": "Santa Apolónia",
              "name": "Linha Azul: Santa Apolónia → Reboleira",
              "network": "Metropolitano de Lisboa",
              "network:wikidata": "Q746032",
              "network:wikipedia": "pt:Metropolitano de Lisboa",
              "operator": "Metropolitano de Lisboa",
              "operator:wikidata": "Q746032",
              "operator:wikipedia": "pt:Metropolitano de Lisboa",
              "public_transport:version": "2",
              "ref": "Azul",
              "route": "subway",
              "to": "Reboleira",
              "type": "route",
              "wikidata": "Q1826609",
              "wikipedia": "pt:Linha Azul do Metropolitano de Lisboa"
            }
          }
        ]
      },
      "geometry": {
        "type": "Point",
        "coordinates": [
          -9.144831,
          38.7190102
        ]
      },
      "id": "node/600134721"
    },
    {
      "type": "Feature",
      "properties": {
        "@id": "node/5938124258",
        "@relations": [
          {
            "role": "stop",
            "rel": 370761,
            "reltags": {
              "colour": "#F4BC18",
              "from": "Rato",
              "name": "Linha Amarela: Rato → Odivelas",
              "network": "Metropolitano de Lisboa",
              "network:wikidata": "Q746032",
              "network:wikipedia": "pt:Metropolitano de Lisboa",
              "operator": "Metropolitano de Lisboa",
              "operator:wikidata": "Q746032",
              "operator:wikipedia": "pt:Metropolitano de Lisboa",
              "public_transport:version": "2",
              "ref": "Amarela",
              "route": "subway",
              "to": "Odivelas",
              "type": "route",
              "wikidata": "Q1826607",
              "wikipedia": "pt:Linha Amarela do Metropolitano de Lisboa"
            }
          }
        ]
      },
      "geometry": {
        "type": "Point",
        "coordinates": [
          -9.1503309,
          38.7247171
        ]
      },
      "id": "node/5938124258"
    },
    {
      "type": "Feature",
      "properties": {
        "@id": "node/11108375230",
        "@relations": [
          {
            "role": "stop",
            "rel": 370761,
            "reltags": {
              "colour": "#F4BC18",
              "from": "Rato",
              "name": "Linha Amarela: Rato → Odivelas",
              "network": "Metropolitano de Lisboa",
              "network:wikidata": "Q746032",
              "network:wikipedia": "pt:Metropolitano de Lisboa",
              "operator": "Metropolitano de Lisboa",
              "operator:wikidata": "Q746032",
              "operator:wikipedia": "pt:Metropolitano de Lisboa",
              "public_transport:version": "2",
              "ref": "Amarela",
              "route": "subway",
              "to": "Odivelas",
              "type": "route",
              "wikidata": "Q1826607",
              "wikipedia": "pt:Linha Amarela do Metropolitano de Lisboa"
            }
          }
        ]
      },
      "geometry": {
        "type": "Point",
        "coordinates": [
          -9.1469543,
          38.7303574
        ]
      },
      "id": "node/11108375230"
    },
    {
      "type": "Feature",
      "properties": {
        "@id": "node/11108376967",
        "@relations": [
          {
            "role": "stop",
            "rel": 370761,
            "reltags": {
              "colour": "#F4BC18",
              "from": "Rato",
              "name": "Linha Amarela: Rato → Odivelas",
              "network": "Metropolitano de Lisboa",
              "network:wikidata": "Q746032",
              "network:wikipedia": "pt:Metropolitano de Lisboa",
              "operator": "Metropolitano de Lisboa",
              "operator:wikidata": "Q746032",
              "operator:wikipedia": "pt:Metropolitano de Lisboa",
              "public_transport:version": "2",
              "ref": "Amarela",
              "route": "subway",
              "to": "Odivelas",
              "type": "route",
              "wikidata": "Q1826607",
              "wikipedia": "pt:Linha Amarela do Metropolitano de Lisboa"
            }
          }
        ]
      },
      "geometry": {
        "type": "Point",
        "coordinates": [
          -9.1452852,
          38.7348323
        ]
      },
      "id": "node/11108376967"
    },
    {
      "type": "Feature",
      "properties": {
        "@id": "node/8421963221",
        "@relations": [
          {
            "role": "stop",
            "rel": 370761,
            "reltags": {
              "colour": "#F4BC18",
              "from": "Rato",
              "name": "Linha Amarela: Rato → Odivelas",
              "network": "Metropolitano de Lisboa",
              "network:wikidata": "Q746032",
              "network:wikipedia": "pt:Metropolitano de Lisboa",
              "operator": "Metropolitano de Lisboa",
              "operator:wikidata": "Q746032",
              "operator:wikipedia": "pt:Metropolitano de Lisboa",
              "public_transport:version": "2",
              "ref": "Amarela",
              "route": "subway",
              "to": "Odivelas",
              "type": "route",
              "wikidata": "Q1826607",
              "wikipedia": "pt:Linha Amarela do Metropolitano de Lisboa"
            }
          }
        ]
      },
      "geometry": {
        "type": "Point",
        "coordinates": [
          -9.1579245,
          38.7602668
        ]
      },
      "id": "node/8421963221"
    },
    {
      "type": "Feature",
      "properties": {
        "@id": "node/10185479291",
        "@relations": [
          {
            "role": "stop",
            "rel": 370761,
            "reltags": {
              "colour": "#F4BC18",
              "from": "Rato",
              "name": "Linha Amarela: Rato → Odivelas",
              "network": "Metropolitano de Lisboa",
              "network:wikidata": "Q746032",
              "network:wikipedia": "pt:Metropolitano de Lisboa",
              "operator": "Metropolitano de Lisboa",
              "operator:wikidata": "Q746032",
              "operator:wikipedia": "pt:Metropolitano de Lisboa",
              "public_transport:version": "2",
              "ref": "Amarela",
              "route": "subway",
              "to": "Odivelas",
              "type": "route",
              "wikidata": "Q1826607",
              "wikipedia": "pt:Linha Amarela do Metropolitano de Lisboa"
            }
          }
        ]
      },
      "geometry": {
        "type": "Point",
        "coordinates": [
          -9.1555614,
          38.7673144
        ]
      },
      "id": "node/10185479291"
    },
    {
      "type": "Feature",
      "properties": {
        "@id": "node/11305016883",
        "@relations": [
          {
            "role": "stop",
            "rel": 370761,
            "reltags": {
              "colour": "#F4BC18",
              "from": "Rato",
              "name": "Linha Amarela: Rato → Odivelas",
              "network": "Metropolitano de Lisboa",
              "network:wikidata": "Q746032",
              "network:wikipedia": "pt:Metropolitano de Lisboa",
              "operator": "Metropolitano de Lisboa",
              "operator:wikidata": "Q746032",
              "operator:wikipedia": "pt:Metropolitano de Lisboa",
              "public_transport:version": "2",
              "ref": "Amarela",
              "route": "subway",
              "to": "Odivelas",
              "type": "route",
              "wikidata": "Q1826607",
              "wikipedia": "pt:Linha Amarela do Metropolitano de Lisboa"
            }
          }
        ]
      },
      "geometry": {
        "type": "Point",
        "coordinates": [
          -9.1593701,
          38.773391
        ]
      },
      "id": "node/11305016883"
    },
    {
      "type": "Feature",
      "properties": {
        "@id": "node/11305016893",
        "@relations": [
          {
            "role": "stop",
            "rel": 370761,
            "reltags": {
              "colour": "#F4BC18",
              "from": "Rato",
              "name": "Linha Amarela: Rato → Odivelas",
              "network": "Metropolitano de Lisboa",
              "network:wikidata": "Q746032",
              "network:wikipedia": "pt:Metropolitano de Lisboa",
              "operator": "Metropolitano de Lisboa",
              "operator:wikidata": "Q746032",
              "operator:wikipedia": "pt:Metropolitano de Lisboa",
              "public_transport:version": "2",
              "ref": "Amarela",
              "route": "subway",
              "to": "Odivelas",
              "type": "route",
              "wikidata": "Q1826607",
              "wikipedia": "pt:Linha Amarela do Metropolitano de Lisboa"
            }
          }
        ]
      },
      "geometry": {
        "type": "Point",
        "coordinates": [
          -9.1596665,
          38.7793282
        ]
      },
      "id": "node/11305016893"
    },
    {
      "type": "Feature",
      "properties": {
        "@id": "node/13020954295",
        "@relations": [
          {
            "role": "stop",
            "rel": 371021,
            "reltags": {
              "colour": "#4E84C4",
              "from": "Santa Apolónia",
              "name": "Linha Azul: Santa Apolónia → Reboleira",
              "network": "Metropolitano de Lisboa",
              "network:wikidata": "Q746032",
              "network:wikipedia": "pt:Metropolitano de Lisboa",
              "operator": "Metropolitano de Lisboa",
              "operator:wikidata": "Q746032",
              "operator:wikipedia": "pt:Metropolitano de Lisboa",
              "public_transport:version": "2",
              "ref": "Azul",
              "route": "subway",
              "to": "Reboleira",
              "type": "route",
              "wikidata": "Q1826609",
              "wikipedia": "pt:Linha Azul do Metropolitano de Lisboa"
            }
          }
        ]
      },
      "geometry": {
        "type": "Point",
        "coordinates": [
          -9.1224361,
          38.713671
        ]
      },
      "id": "node/13020954295"
    },
    {
      "type": "Feature",
      "properties": {
        "@id": "node/8349967327",
        "@relations": [
          {
            "role": "stop",
            "rel": 371021,
            "reltags": {
              "colour": "#4E84C4",
              "from": "Santa Apolónia",
              "name": "Linha Azul: Santa Apolónia → Reboleira",
              "network": "Metropolitano de Lisboa",
              "network:wikidata": "Q746032",
              "network:wikipedia": "pt:Metropolitano de Lisboa",
              "operator": "Metropolitano de Lisboa",
              "operator:wikidata": "Q746032",
              "operator:wikipedia": "pt:Metropolitano de Lisboa",
              "public_transport:version": "2",
              "ref": "Azul",
              "route": "subway",
              "to": "Reboleira",
              "type": "route",
              "wikidata": "Q1826609",
              "wikipedia": "pt:Linha Azul do Metropolitano de Lisboa"
            }
          }
        ]
      },
      "geometry": {
        "type": "Point",
        "coordinates": [
          -9.1343684,
          38.7070133
        ]
      },
      "id": "node/8349967327"
    },
    {
      "type": "Feature",
      "properties": {
        "@id": "node/8349959165",
        "@relations": [
          {
            "role": "stop",
            "rel": 371021,
            "reltags": {
              "colour": "#4E84C4",
              "from": "Santa Apolónia",
              "name": "Linha Azul: Santa Apolónia → Reboleira",
              "network": "Metropolitano de Lisboa",
              "network:wikidata": "Q746032",
              "network:wikipedia": "pt:Metropolitano de Lisboa",
              "operator": "Metropolitano de Lisboa",
              "operator:wikidata": "Q746032",
              "operator:wikipedia": "pt:Metropolitano de Lisboa",
              "public_transport:version": "2",
              "ref": "Azul",
              "route": "subway",
              "to": "Reboleira",
              "type": "route",
              "wikidata": "Q1826609",
              "wikipedia": "pt:Linha Azul do Metropolitano de Lisboa"
            }
          }
        ]
      },
      "geometry": {
        "type": "Point",
        "coordinates": [
          -9.1400448,
          38.7104186
        ]
      },
      "id": "node/8349959165"
    },
    {
      "type": "Feature",
      "properties": {
        "@id": "node/6529918573",
        "@relations": [
          {
            "role": "stop",
            "rel": 371021,
            "reltags": {
              "colour": "#4E84C4",
              "from": "Santa Apolónia",
              "name": "Linha Azul: Santa Apolónia → Reboleira",
              "network": "Metropolitano de Lisboa",
              "network:wikidata": "Q746032",
              "network:wikipedia": "pt:Metropolitano de Lisboa",
              "operator": "Metropolitano de Lisboa",
              "operator:wikidata": "Q746032",
              "operator:wikipedia": "pt:Metropolitano de Lisboa",
              "public_transport:version": "2",
              "ref": "Azul",
              "route": "subway",
              "to": "Reboleira",
              "type": "route",
              "wikidata": "Q1826609",
              "wikipedia": "pt:Linha Azul do Metropolitano de Lisboa"
            }
          }
        ]
      },
      "geometry": {
        "type": "Point",
        "coordinates": [
          -9.1423098,
          38.7159968
        ]
      },
      "id": "node/6529918573"
    },
    {
      "type": "Feature",
      "properties": {
        "@id": "node/5938124259",
        "@relations": [
          {
            "role": "stop",
            "rel": 371021,
            "reltags": {
              "colour": "#4E84C4",
              "from": "Santa Apolónia",
              "name": "Linha Azul: Santa Apolónia → Reboleira",
              "network": "Metropolitano de Lisboa",
              "network:wikidata": "Q746032",
              "network:wikipedia": "pt:Metropolitano de Lisboa",
              "operator": "Metropolitano de Lisboa",
              "operator:wikidata": "Q746032",
              "operator:wikipedia": "pt:Metropolitano de Lisboa",
              "public_transport:version": "2",
              "ref": "Azul",
              "route": "subway",
              "to": "Reboleira",
              "type": "route",
              "wikidata": "Q1826609",
              "wikipedia": "pt:Linha Azul do Metropolitano de Lisboa"
            }
          }
        ]
      },
      "geometry": {
        "type": "Point",
        "coordinates": [
          -9.1491504,
          38.7241588
        ]
      },
      "id": "node/5938124259"
    },
    {
      "type": "Feature",
      "properties": {
        "@id": "node/11108375214",
        "@relations": [
          {
            "role": "stop",
            "rel": 371021,
            "reltags": {
              "colour": "#4E84C4",
              "from": "Santa Apolónia",
              "name": "Linha Azul: Santa Apolónia → Reboleira",
              "network": "Metropolitano de Lisboa",
              "network:wikidata": "Q746032",
              "network:wikipedia": "pt:Metropolitano de Lisboa",
              "operator": "Metropolitano de Lisboa",
              "operator:wikidata": "Q746032",
              "operator:wikipedia": "pt:Metropolitano de Lisboa",
              "public_transport:version": "2",
              "ref": "Azul",
              "route": "subway",
              "to": "Reboleira",
              "type": "route",
              "wikidata": "Q1826609",
              "wikipedia": "pt:Linha Azul do Metropolitano de Lisboa"
            }
          }
        ]
      },
      "geometry": {
        "type": "Point",
        "coordinates": [
          -9.1536077,
          38.7339363
        ]
      },
      "id": "node/11108375214"
    },
    {
      "type": "Feature",
      "properties": {
        "@id": "node/11306784696",
        "@relations": [
          {
            "role": "stop",
            "rel": 371021,
            "reltags": {
              "colour": "#4E84C4",
              "from": "Santa Apolónia",
              "name": "Linha Azul: Santa Apolónia → Reboleira",
              "network": "Metropolitano de Lisboa",
              "network:wikidata": "Q746032",
              "network:wikipedia": "pt:Metropolitano de Lisboa",
              "operator": "Metropolitano de Lisboa",
              "operator:wikidata": "Q746032",
              "operator:wikipedia": "pt:Metropolitano de Lisboa",
              "public_transport:version": "2",
              "ref": "Azul",
              "route": "subway",
              "to": "Reboleira",
              "type": "route",
              "wikidata": "Q1826609",
              "wikipedia": "pt:Linha Azul do Metropolitano de Lisboa"
            }
          }
        ]
      },
      "geometry": {
        "type": "Point",
        "coordinates": [
          -9.1892931,
          38.7533803
        ]
      },
      "id": "node/11306784696"
    },
    {
      "type": "Feature",
      "properties": {
        "@id": "node/11306784693",
        "@relations": [
          {
            "role": "stop",
            "rel": 371021,
            "reltags": {
              "colour": "#4E84C4",
              "from": "Santa Apolónia",
              "name": "Linha Azul: Santa Apolónia → Reboleira",
              "network": "Metropolitano de Lisboa",
              "network:wikidata": "Q746032",
              "network:wikipedia": "pt:Metropolitano de Lisboa",
              "operator": "Metropolitano de Lisboa",
              "operator:wikidata": "Q746032",
              "operator:wikipedia": "pt:Metropolitano de Lisboa",
              "public_transport:version": "2",
              "ref": "Azul",
              "route": "subway",
              "to": "Reboleira",
              "type": "route",
              "wikidata": "Q1826609",
              "wikipedia": "pt:Linha Azul do Metropolitano de Lisboa"
            }
          }
        ]
      },
      "geometry": {
        "type": "Point",
        "coordinates": [
          -9.1927437,
          38.7592419
        ]
      },
      "id": "node/11306784693"
    },
    {
      "type": "Feature",
      "properties": {
        "@id": "node/10222096314",
        "@relations": [
          {
            "role": "stop",
            "rel": 371021,
            "reltags": {
              "colour": "#4E84C4",
              "from": "Santa Apolónia",
              "name": "Linha Azul: Santa Apolónia → Reboleira",
              "network": "Metropolitano de Lisboa",
              "network:wikidata": "Q746032",
              "network:wikipedia": "pt:Metropolitano de Lisboa",
              "operator": "Metropolitano de Lisboa",
              "operator:wikidata": "Q746032",
              "operator:wikipedia": "pt:Metropolitano de Lisboa",
              "public_transport:version": "2",
              "ref": "Azul",
              "route": "subway",
              "to": "Reboleira",
              "type": "route",
              "wikidata": "Q1826609",
              "wikipedia": "pt:Linha Azul do Metropolitano de Lisboa"
            }
          }
        ]
      },
      "geometry": {
        "type": "Point",
        "coordinates": [
          -9.1968448,
          38.7622296
        ]
      },
      "id": "node/10222096314"
    },
    {
      "type": "Feature",
      "properties": {
        "@id": "node/13521063000",
        "@relations": [
          {
            "role": "stop",
            "rel": 371021,
            "reltags": {
              "colour": "#4E84C4",
              "from": "Santa Apolónia",
              "name": "Linha Azul: Santa Apolónia → Reboleira",
              "network": "Metropolitano de Lisboa",
              "network:wikidata": "Q746032",
              "network:wikipedia": "pt:Metropolitano de Lisboa",
              "operator": "Metropolitano de Lisboa",
              "operator:wikidata": "Q746032",
              "operator:wikipedia": "pt:Metropolitano de Lisboa",
              "public_transport:version": "2",
              "ref": "Azul",
              "route": "subway",
              "to": "Reboleira",
              "type": "route",
              "wikidata": "Q1826609",
              "wikipedia": "pt:Linha Azul do Metropolitano de Lisboa"
            }
          }
        ]
      },
      "geometry": {
        "type": "Point",
        "coordinates": [
          -9.2183219,
          38.7584061
        ]
      },
      "id": "node/13521063000"
    },
    {
      "type": "Feature",
      "properties": {
        "@id": "node/13521109303",
        "@relations": [
          {
            "role": "stop",
            "rel": 371021,
            "reltags": {
              "colour": "#4E84C4",
              "from": "Santa Apolónia",
              "name": "Linha Azul: Santa Apolónia → Reboleira",
              "network": "Metropolitano de Lisboa",
              "network:wikidata": "Q746032",
              "network:wikipedia": "pt:Metropolitano de Lisboa",
              "operator": "Metropolitano de Lisboa",
              "operator:wikidata": "Q746032",
              "operator:wikipedia": "pt:Metropolitano de Lisboa",
              "public_transport:version": "2",
              "ref": "Azul",
              "route": "subway",
              "to": "Reboleira",
              "type": "route",
              "wikidata": "Q1826609",
              "wikipedia": "pt:Linha Azul do Metropolitano de Lisboa"
            }
          }
        ]
      },
      "geometry": {
        "type": "Point",
        "coordinates": [
          -9.224093,
          38.7521904
        ]
      },
      "id": "node/13521109303"
    },
    {
      "type": "Feature",
      "properties": {
        "@id": "node/9291854094",
        "@relations": [
          {
            "role": "stop",
            "rel": 371080,
            "reltags": {
              "colour": "#00AAA6",
              "from": "Cais do Sodré",
              "name": "Linha Verde: Cais do Sodré → Telheiras",
              "network": "Metropolitano de Lisboa",
              "network:wikidata": "Q746032",
              "network:wikipedia": "pt:Metropolitano de Lisboa",
              "operator": "Metropolitano de Lisboa",
              "operator:wikidata": "Q746032",
              "operator:wikipedia": "pt:Metropolitano de Lisboa",
              "public_transport:version": "2",
              "ref": "Verde",
              "route": "subway",
              "to": "Telheiras",
              "type": "route",
              "wikidata": "Q1826613",
              "wikipedia": "pt:Linha Verde (Metropolitano de Lisboa)"
            }
          }
        ]
      },
      "geometry": {
        "type": "Point",
        "coordinates": [
          -9.1468277,
          38.7061368
        ]
      },
      "id": "node/9291854094"
    },
    {
      "type": "Feature",
      "properties": {
        "@id": "node/8349959168",
        "@relations": [
          {
            "role": "stop",
            "rel": 371080,
            "reltags": {
              "colour": "#00AAA6",
              "from": "Cais do Sodré",
              "name": "Linha Verde: Cais do Sodré → Telheiras",
              "network": "Metropolitano de Lisboa",
              "network:wikidata": "Q746032",
              "network:wikipedia": "pt:Metropolitano de Lisboa",
              "operator": "Metropolitano de Lisboa",
              "operator:wikidata": "Q746032",
              "operator:wikipedia": "pt:Metropolitano de Lisboa",
              "public_transport:version": "2",
              "ref": "Verde",
              "route": "subway",
              "to": "Telheiras",
              "type": "route",
              "wikidata": "Q1826613",
              "wikipedia": "pt:Linha Verde (Metropolitano de Lisboa)"
            }
          }
        ]
      },
      "geometry": {
        "type": "Point",
        "coordinates": [
          -9.1403331,
          38.7104088
        ]
      },
      "id": "node/8349959168"
    },
    {
      "type": "Feature",
      "properties": {
        "@id": "node/8350024445",
        "@relations": [
          {
            "role": "stop",
            "rel": 371080,
            "reltags": {
              "colour": "#00AAA6",
              "from": "Cais do Sodré",
              "name": "Linha Verde: Cais do Sodré → Telheiras",
              "network": "Metropolitano de Lisboa",
              "network:wikidata": "Q746032",
              "network:wikipedia": "pt:Metropolitano de Lisboa",
              "operator": "Metropolitano de Lisboa",
              "operator:wikidata": "Q746032",
              "operator:wikipedia": "pt:Metropolitano de Lisboa",
              "public_transport:version": "2",
              "ref": "Verde",
              "route": "subway",
              "to": "Telheiras",
              "type": "route",
              "wikidata": "Q1826613",
              "wikipedia": "pt:Linha Verde (Metropolitano de Lisboa)"
            }
          }
        ]
      },
      "geometry": {
        "type": "Point",
        "coordinates": [
          -9.1379162,
          38.7140396
        ]
      },
      "id": "node/8350024445"
    },
    {
      "type": "Feature",
      "properties": {
        "@id": "node/8350225069",
        "@relations": [
          {
            "role": "stop",
            "rel": 371080,
            "reltags": {
              "colour": "#00AAA6",
              "from": "Cais do Sodré",
              "name": "Linha Verde: Cais do Sodré → Telheiras",
              "network": "Metropolitano de Lisboa",
              "network:wikidata": "Q746032",
              "network:wikipedia": "pt:Metropolitano de Lisboa",
              "operator": "Metropolitano de Lisboa",
              "operator:wikidata": "Q746032",
              "operator:wikipedia": "pt:Metropolitano de Lisboa",
              "public_transport:version": "2",
              "ref": "Verde",
              "route": "subway",
              "to": "Telheiras",
              "type": "route",
              "wikidata": "Q1826613",
              "wikipedia": "pt:Linha Verde (Metropolitano de Lisboa)"
            }
          }
        ]
      },
      "geometry": {
        "type": "Point",
        "coordinates": [
          -9.1357972,
          38.7176139
        ]
      },
      "id": "node/8350225069"
    },
    {
      "type": "Feature",
      "properties": {
        "@id": "node/8350485246",
        "@relations": [
          {
            "role": "stop",
            "rel": 371080,
            "reltags": {
              "colour": "#00AAA6",
              "from": "Cais do Sodré",
              "name": "Linha Verde: Cais do Sodré → Telheiras",
              "network": "Metropolitano de Lisboa",
              "network:wikidata": "Q746032",
              "network:wikipedia": "pt:Metropolitano de Lisboa",
              "operator": "Metropolitano de Lisboa",
              "operator:wikidata": "Q746032",
              "operator:wikipedia": "pt:Metropolitano de Lisboa",
              "public_transport:version": "2",
              "ref": "Verde",
              "route": "subway",
              "to": "Telheiras",
              "type": "route",
              "wikidata": "Q1826613",
              "wikipedia": "pt:Linha Verde (Metropolitano de Lisboa)"
            }
          }
        ]
      },
      "geometry": {
        "type": "Point",
        "coordinates": [
          -9.1352785,
          38.7231737
        ]
      },
      "id": "node/8350485246"
    },
    {
      "type": "Feature",
      "properties": {
        "@id": "node/8365587016",
        "@relations": [
          {
            "role": "stop",
            "rel": 371080,
            "reltags": {
              "colour": "#00AAA6",
              "from": "Cais do Sodré",
              "name": "Linha Verde: Cais do Sodré → Telheiras",
              "network": "Metropolitano de Lisboa",
              "network:wikidata": "Q746032",
              "network:wikipedia": "pt:Metropolitano de Lisboa",
              "operator": "Metropolitano de Lisboa",
              "operator:wikidata": "Q746032",
              "operator:wikipedia": "pt:Metropolitano de Lisboa",
              "public_transport:version": "2",
              "ref": "Verde",
              "route": "subway",
              "to": "Telheiras",
              "type": "route",
              "wikidata": "Q1826613",
              "wikipedia": "pt:Linha Verde (Metropolitano de Lisboa)"
            }
          }
        ]
      },
      "geometry": {
        "type": "Point",
        "coordinates": [
          -9.1349013,
          38.72697
        ]
      },
      "id": "node/8365587016"
    },
    {
      "type": "Feature",
      "properties": {
        "@id": "node/8365948408",
        "@relations": [
          {
            "role": "stop",
            "rel": 371080,
            "reltags": {
              "colour": "#00AAA6",
              "from": "Cais do Sodré",
              "name": "Linha Verde: Cais do Sodré → Telheiras",
              "network": "Metropolitano de Lisboa",
              "network:wikidata": "Q746032",
              "network:wikipedia": "pt:Metropolitano de Lisboa",
              "operator": "Metropolitano de Lisboa",
              "operator:wikidata": "Q746032",
              "operator:wikipedia": "pt:Metropolitano de Lisboa",
              "public_transport:version": "2",
              "ref": "Verde",
              "route": "subway",
              "to": "Telheiras",
              "type": "route",
              "wikidata": "Q1826613",
              "wikipedia": "pt:Linha Verde (Metropolitano de Lisboa)"
            }
          }
        ]
      },
      "geometry": {
        "type": "Point",
        "coordinates": [
          -9.1343338,
          38.7327013
        ]
      },
      "id": "node/8365948408"
    },
    {
      "type": "Feature",
      "properties": {
        "@id": "node/8362923777",
        "@relations": [
          {
            "role": "stop",
            "rel": 371080,
            "reltags": {
              "colour": "#00AAA6",
              "from": "Cais do Sodré",
              "name": "Linha Verde: Cais do Sodré → Telheiras",
              "network": "Metropolitano de Lisboa",
              "network:wikidata": "Q746032",
              "network:wikipedia": "pt:Metropolitano de Lisboa",
              "operator": "Metropolitano de Lisboa",
              "operator:wikidata": "Q746032",
              "operator:wikipedia": "pt:Metropolitano de Lisboa",
              "public_transport:version": "2",
              "ref": "Verde",
              "route": "subway",
              "to": "Telheiras",
              "type": "route",
              "wikidata": "Q1826613",
              "wikipedia": "pt:Linha Verde (Metropolitano de Lisboa)"
            }
          }
        ]
      },
      "geometry": {
        "type": "Point",
        "coordinates": [
          -9.1338745,
          38.7369716
        ]
      },
      "id": "node/8362923777"
    },
    {
      "type": "Feature",
      "properties": {
        "@id": "node/10099060706",
        "@relations": [
          {
            "role": "stop",
            "rel": 371080,
            "reltags": {
              "colour": "#00AAA6",
              "from": "Cais do Sodré",
              "name": "Linha Verde: Cais do Sodré → Telheiras",
              "network": "Metropolitano de Lisboa",
              "network:wikidata": "Q746032",
              "network:wikipedia": "pt:Metropolitano de Lisboa",
              "operator": "Metropolitano de Lisboa",
              "operator:wikidata": "Q746032",
              "operator:wikipedia": "pt:Metropolitano de Lisboa",
              "public_transport:version": "2",
              "ref": "Verde",
              "route": "subway",
              "to": "Telheiras",
              "type": "route",
              "wikidata": "Q1826613",
              "wikipedia": "pt:Linha Verde (Metropolitano de Lisboa)"
            }
          }
        ]
      },
      "geometry": {
        "type": "Point",
        "coordinates": [
          -9.1335044,
          38.7423293
        ]
      },
      "id": "node/10099060706"
    },
    {
      "type": "Feature",
      "properties": {
        "@id": "node/9109559236",
        "@relations": [
          {
            "role": "stop",
            "rel": 371080,
            "reltags": {
              "colour": "#00AAA6",
              "from": "Cais do Sodré",
              "name": "Linha Verde: Cais do Sodré → Telheiras",
              "network": "Metropolitano de Lisboa",
              "network:wikidata": "Q746032",
              "network:wikipedia": "pt:Metropolitano de Lisboa",
              "operator": "Metropolitano de Lisboa",
              "operator:wikidata": "Q746032",
              "operator:wikipedia": "pt:Metropolitano de Lisboa",
              "public_transport:version": "2",
              "ref": "Verde",
              "route": "subway",
              "to": "Telheiras",
              "type": "route",
              "wikidata": "Q1826613",
              "wikipedia": "pt:Linha Verde (Metropolitano de Lisboa)"
            }
          }
        ]
      },
      "geometry": {
        "type": "Point",
        "coordinates": [
          -9.1412408,
          38.7479867
        ]
      },
      "id": "node/9109559236"
    },
    {
      "type": "Feature",
      "properties": {
        "@id": "node/10097936740",
        "@relations": [
          {
            "role": "stop",
            "rel": 371080,
            "reltags": {
              "colour": "#00AAA6",
              "from": "Cais do Sodré",
              "name": "Linha Verde: Cais do Sodré → Telheiras",
              "network": "Metropolitano de Lisboa",
              "network:wikidata": "Q746032",
              "network:wikipedia": "pt:Metropolitano de Lisboa",
              "operator": "Metropolitano de Lisboa",
              "operator:wikidata": "Q746032",
              "operator:wikipedia": "pt:Metropolitano de Lisboa",
              "public_transport:version": "2",
              "ref": "Verde",
              "route": "subway",
              "to": "Telheiras",
              "type": "route",
              "wikidata": "Q1826613",
              "wikipedia": "pt:Linha Verde (Metropolitano de Lisboa)"
            }
          }
        ]
      },
      "geometry": {
        "type": "Point",
        "coordinates": [
          -9.1440306,
          38.7531067
        ]
      },
      "id": "node/10097936740"
    },
    {
      "type": "Feature",
      "properties": {
        "@id": "node/8421963218",
        "@relations": [
          {
            "role": "stop",
            "rel": 371080,
            "reltags": {
              "colour": "#00AAA6",
              "from": "Cais do Sodré",
              "name": "Linha Verde: Cais do Sodré → Telheiras",
              "network": "Metropolitano de Lisboa",
              "network:wikidata": "Q746032",
              "network:wikipedia": "pt:Metropolitano de Lisboa",
              "operator": "Metropolitano de Lisboa",
              "operator:wikidata": "Q746032",
              "operator:wikipedia": "pt:Metropolitano de Lisboa",
              "public_transport:version": "2",
              "ref": "Verde",
              "route": "subway",
              "to": "Telheiras",
              "type": "route",
              "wikidata": "Q1826613",
              "wikipedia": "pt:Linha Verde (Metropolitano de Lisboa)"
            }
          }
        ]
      },
      "geometry": {
        "type": "Point",
        "coordinates": [
          -9.1578199,
          38.7600826
        ]
      },
      "id": "node/8421963218"
    },
    {
      "type": "Feature",
      "properties": {
        "@id": "node/8422289352",
        "@relations": [
          {
            "role": "stop",
            "rel": 371080,
            "reltags": {
              "colour": "#00AAA6",
              "from": "Cais do Sodré",
              "name": "Linha Verde: Cais do Sodré → Telheiras",
              "network": "Metropolitano de Lisboa",
              "network:wikidata": "Q746032",
              "network:wikipedia": "pt:Metropolitano de Lisboa",
              "operator": "Metropolitano de Lisboa",
              "operator:wikidata": "Q746032",
              "operator:wikipedia": "pt:Metropolitano de Lisboa",
              "public_transport:version": "2",
              "ref": "Verde",
              "route": "subway",
              "to": "Telheiras",
              "type": "route",
              "wikidata": "Q1826613",
              "wikipedia": "pt:Linha Verde (Metropolitano de Lisboa)"
            }
          }
        ]
      },
      "geometry": {
        "type": "Point",
        "coordinates": [
          -9.1664263,
          38.7599435
        ]
      },
      "id": "node/8422289352"
    },
    {
      "type": "Feature",
      "properties": {
        "@id": "node/11108206545",
        "@relations": [
          {
            "role": "stop_entry_only",
            "rel": 371084,
            "reltags": {
              "colour": "#DF096F",
              "from": "São Sebastião",
              "name": "Linha Vermelha: São Sebastião → Aeroporto",
              "network": "Metropolitano de Lisboa",
              "network:wikidata": "Q746032",
              "network:wikipedia": "pt:Metropolitano de Lisboa",
              "operator": "Metropolitano de Lisboa",
              "operator:wikidata": "Q746032",
              "operator:wikipedia": "pt:Metropolitano de Lisboa",
              "public_transport:version": "2",
              "ref": "Vermelha",
              "route": "subway",
              "to": "Aeroporto",
              "type": "route",
              "wikidata": "Q163215",
              "wikipedia": "pt:Linha Vermelha (Metropolitano de Lisboa)"
            }
          }
        ]
      },
      "geometry": {
        "type": "Point",
        "coordinates": [
          -9.153032,
          38.7346266
        ]
      },
      "id": "node/11108206545"
    },
    {
      "type": "Feature",
      "properties": {
        "@id": "node/11108206544",
        "@relations": [
          {
            "role": "stop",
            "rel": 371084,
            "reltags": {
              "colour": "#DF096F",
              "from": "São Sebastião",
              "name": "Linha Vermelha: São Sebastião → Aeroporto",
              "network": "Metropolitano de Lisboa",
              "network:wikidata": "Q746032",
              "network:wikipedia": "pt:Metropolitano de Lisboa",
              "operator": "Metropolitano de Lisboa",
              "operator:wikidata": "Q746032",
              "operator:wikipedia": "pt:Metropolitano de Lisboa",
              "public_transport:version": "2",
              "ref": "Vermelha",
              "route": "subway",
              "to": "Aeroporto",
              "type": "route",
              "wikidata": "Q163215",
              "wikipedia": "pt:Linha Vermelha (Metropolitano de Lisboa)"
            }
          }
        ]
      },
      "geometry": {
        "type": "Point",
        "coordinates": [
          -9.1443392,
          38.7352017
        ]
      },
      "id": "node/11108206544"
    },
    {
      "type": "Feature",
      "properties": {
        "@id": "node/8362923797",
        "@relations": [
          {
            "role": "stop",
            "rel": 371084,
            "reltags": {
              "colour": "#DF096F",
              "from": "São Sebastião",
              "name": "Linha Vermelha: São Sebastião → Aeroporto",
              "network": "Metropolitano de Lisboa",
              "network:wikidata": "Q746032",
              "network:wikipedia": "pt:Metropolitano de Lisboa",
              "operator": "Metropolitano de Lisboa",
              "operator:wikidata": "Q746032",
              "operator:wikipedia": "pt:Metropolitano de Lisboa",
              "public_transport:version": "2",
              "ref": "Vermelha",
              "route": "subway",
              "to": "Aeroporto",
              "type": "route",
              "wikidata": "Q163215",
              "wikipedia": "pt:Linha Vermelha (Metropolitano de Lisboa)"
            }
          }
        ]
      },
      "geometry": {
        "type": "Point",
        "coordinates": [
          -9.1324548,
          38.7370031
        ]
      },
      "id": "node/8362923797"
    },
    {
      "type": "Feature",
      "properties": {
        "@id": "node/11303562160",
        "@relations": [
          {
            "role": "stop",
            "rel": 371084,
            "reltags": {
              "colour": "#DF096F",
              "from": "São Sebastião",
              "name": "Linha Vermelha: São Sebastião → Aeroporto",
              "network": "Metropolitano de Lisboa",
              "network:wikidata": "Q746032",
              "network:wikipedia": "pt:Metropolitano de Lisboa",
              "operator": "Metropolitano de Lisboa",
              "operator:wikidata": "Q746032",
              "operator:wikipedia": "pt:Metropolitano de Lisboa",
              "public_transport:version": "2",
              "ref": "Vermelha",
              "route": "subway",
              "to": "Aeroporto",
              "type": "route",
              "wikidata": "Q163215",
              "wikipedia": "pt:Linha Vermelha (Metropolitano de Lisboa)"
            }
          }
        ]
      },
      "geometry": {
        "type": "Point",
        "coordinates": [
          -9.12395,
          38.7394852
        ]
      },
      "id": "node/11303562160"
    },
    {
      "type": "Feature",
      "properties": {
        "@id": "node/11517815939",
        "@relations": [
          {
            "role": "stop",
            "rel": 371084,
            "reltags": {
              "colour": "#DF096F",
              "from": "São Sebastião",
              "name": "Linha Vermelha: São Sebastião → Aeroporto",
              "network": "Metropolitano de Lisboa",
              "network:wikidata": "Q746032",
              "network:wikipedia": "pt:Metropolitano de Lisboa",
              "operator": "Metropolitano de Lisboa",
              "operator:wikidata": "Q746032",
              "operator:wikipedia": "pt:Metropolitano de Lisboa",
              "public_transport:version": "2",
              "ref": "Vermelha",
              "route": "subway",
              "to": "Aeroporto",
              "type": "route",
              "wikidata": "Q163215",
              "wikipedia": "pt:Linha Vermelha (Metropolitano de Lisboa)"
            }
          }
        ]
      },
      "geometry": {
        "type": "Point",
        "coordinates": [
          -9.1120139,
          38.7606063
        ]
      },
      "id": "node/11517815939"
    },
    {
      "type": "Feature",
      "properties": {
        "@id": "node/11515047634",
        "@relations": [
          {
            "role": "stop",
            "rel": 371084,
            "reltags": {
              "colour": "#DF096F",
              "from": "São Sebastião",
              "name": "Linha Vermelha: São Sebastião → Aeroporto",
              "network": "Metropolitano de Lisboa",
              "network:wikidata": "Q746032",
              "network:wikipedia": "pt:Metropolitano de Lisboa",
              "operator": "Metropolitano de Lisboa",
              "operator:wikidata": "Q746032",
              "operator:wikipedia": "pt:Metropolitano de Lisboa",
              "public_transport:version": "2",
              "ref": "Vermelha",
              "route": "subway",
              "to": "Aeroporto",
              "type": "route",
              "wikidata": "Q163215",
              "wikipedia": "pt:Linha Vermelha (Metropolitano de Lisboa)"
            }
          }
        ]
      },
      "geometry": {
        "type": "Point",
        "coordinates": [
          -9.0997334,
          38.7678571
        ]
      },
      "id": "node/11515047634"
    },
    {
      "type": "Feature",
      "properties": {
        "@id": "node/11515047799",
        "@relations": [
          {
            "role": "stop",
            "rel": 371084,
            "reltags": {
              "colour": "#DF096F",
              "from": "São Sebastião",
              "name": "Linha Vermelha: São Sebastião → Aeroporto",
              "network": "Metropolitano de Lisboa",
              "network:wikidata": "Q746032",
              "network:wikipedia": "pt:Metropolitano de Lisboa",
              "operator": "Metropolitano de Lisboa",
              "operator:wikidata": "Q746032",
              "operator:wikipedia": "pt:Metropolitano de Lisboa",
              "public_transport:version": "2",
              "ref": "Vermelha",
              "route": "subway",
              "to": "Aeroporto",
              "type": "route",
              "wikidata": "Q163215",
              "wikipedia": "pt:Linha Vermelha (Metropolitano de Lisboa)"
            }
          }
        ]
      },
      "geometry": {
        "type": "Point",
        "coordinates": [
          -9.1030009,
          38.774894
        ]
      },
      "id": "node/11515047799"
    },
    {
      "type": "Feature",
      "properties": {
        "@id": "node/11515047765",
        "@relations": [
          {
            "role": "stop",
            "rel": 371084,
            "reltags": {
              "colour": "#DF096F",
              "from": "São Sebastião",
              "name": "Linha Vermelha: São Sebastião → Aeroporto",
              "network": "Metropolitano de Lisboa",
              "network:wikidata": "Q746032",
              "network:wikipedia": "pt:Metropolitano de Lisboa",
              "operator": "Metropolitano de Lisboa",
              "operator:wikidata": "Q746032",
              "operator:wikipedia": "pt:Metropolitano de Lisboa",
              "public_transport:version": "2",
              "ref": "Vermelha",
              "route": "subway",
              "to": "Aeroporto",
              "type": "route",
              "wikidata": "Q163215",
              "wikipedia": "pt:Linha Vermelha (Metropolitano de Lisboa)"
            }
          }
        ]
      },
      "geometry": {
        "type": "Point",
        "coordinates": [
          -9.1155101,
          38.7750749
        ]
      },
      "id": "node/11515047765"
    },
    {
      "type": "Feature",
      "properties": {
        "@id": "node/11515047732",
        "@relations": [
          {
            "role": "stop_exit_only",
            "rel": 371084,
            "reltags": {
              "colour": "#DF096F",
              "from": "São Sebastião",
              "name": "Linha Vermelha: São Sebastião → Aeroporto",
              "network": "Metropolitano de Lisboa",
              "network:wikidata": "Q746032",
              "network:wikipedia": "pt:Metropolitano de Lisboa",
              "operator": "Metropolitano de Lisboa",
              "operator:wikidata": "Q746032",
              "operator:wikipedia": "pt:Metropolitano de Lisboa",
              "public_transport:version": "2",
              "ref": "Vermelha",
              "route": "subway",
              "to": "Aeroporto",
              "type": "route",
              "wikidata": "Q163215",
              "wikipedia": "pt:Linha Vermelha (Metropolitano de Lisboa)"
            }
          }
        ]
      },
      "geometry": {
        "type": "Point",
        "coordinates": [
          -9.1282772,
          38.7684185
        ]
      },
      "id": "node/11515047732"
    }
  ]
}